date,value_usd
2019-06-19,16221.27
2019-06-20,16407.03
2019-06-21,16396.23
2019-06-22,16453.7
2019-06-23,16488.6
2019-06-24,16454.32
2019-06-25,16548.63
2019-06-26,16615.88
2019-06-27,16359.16
2019-06-28,16540.26
2019-06-29,16539.01
2019-06-30,16379.86
2019-07-01,16439.44
2019-07-02,16486.02
2019-07-03,16825.18
2019-07-04,16804.09
2019-07-05,16646.99
2019-07-06,16685.9
2019-07-07,16725.63
2019-07-08,16575.52
2019-07-09,16602.02
2019-07-10,16731.91
2019-07-11,16680.95
2019-07-12,16653.92
2019-07-13,16522.7
2019-07-14,16312.95
2019-07-15,16369.97
2019-07-16,16054.31
2019-07-17,16055.17
2019-07-18,16282.26
2019-07-19,16190.03
2019-07-20,16223.12
2019-07-21,16193.61
2019-07-22,16263.2
2019-07-23,16305.63
2019-07-24,16449.91
2019-07-25,16281.49
2019-07-26,16334.15
2019-07-27,16244.09
2019-07-28,16247.09
2019-07-29,16227.43
2019-07-30,16240.43
2019-07-31,16169.0
2019-08-01,16113.23
2019-08-02,15830.45
2019-08-03,15863.84
2019-08-04,15881.91
2019-08-05,15587.78
2019-08-06,15585.56
2019-08-07,15673.51
2019-08-08,15863.02
2019-08-09,15799.59
2019-08-10,15761.86
2019-08-11,15760.14
2019-08-12,15635.81
2019-08-13,15674.82
2019-08-14,15308.87
2019-08-15,15293.05
2019-08-16,15411.44
2019-08-17,15409.18
2019-08-18,15453.64
2019-08-19,15629.7
2019-08-20,15570.37
2019-08-21,15564.52
2019-08-22,15485.73
2019-08-23,15388.32
2019-08-24,15363.14
2019-08-25,15350.15
2019-08-26,15456.07
2019-08-27,15462.22
2019-08-28,15447.34
2019-08-29,15521.5
2019-08-30,15585.14
2019-08-31,15595.61
2019-09-01,15603.9
2019-09-02,15666.06
2019-09-03,15724.23
2019-09-04,15898.5
2019-09-05,15951.13
2019-09-06,15861.23
2019-09-07,15883.8
2019-09-08,15864.53
2019-09-09,15873.62
2019-09-10,15858.49
2019-09-11,15985.89
2019-09-12,16122.39
2019-09-13,16086.35
2019-09-14,16099.65
2019-09-15,16093.55
2019-09-16,16046.66
2019-09-17,16089.49
2019-09-18,16042.5
2019-09-19,16133.32
2019-09-20,16097.83
2019-09-21,16071.4
2019-09-22,16072.06
2019-09-23,16049.29
2019-09-24,15868.53
2019-09-25,15799.59
2019-09-26,15829.3
2019-09-27,15718.41
2019-09-28,15713.46
2019-09-29,15703.3
2019-09-30,15733.29
2019-10-01,15755.87
2019-10-02,15663.69
2019-10-03,15705.89
2019-10-04,15760.81
2019-10-05,15743.1
2019-10-06,15728.08
2019-10-07,15684.95
2019-10-08,15503.12
2019-10-09,15653.52
2019-10-10,15718.32
2019-10-11,15897.08
2019-10-12,15899.17
2019-10-13,15904.2
2019-10-14,15878.6
2019-10-15,15910.73
2019-10-16,15870.59
2019-10-17,15921.07
2019-10-18,15847.91
2019-10-19,15845.79
2019-10-20,15869.89
2019-10-21,15951.93
2019-10-22,15776.81
2019-10-23,15780.23
2019-10-24,15890.17
2019-10-25,16075.86
2019-10-26,16131.09
2019-10-27,16152.88
2019-10-28,16202.64
2019-10-29,16253.2
2019-10-30,16202.06
2019-10-31,16189.29
2019-11-01,16336.44
2019-11-02,16339.49
2019-11-03,16331.82
2019-11-04,16444.81
2019-11-05,16350.57
2019-11-06,16343.72
2019-11-07,16347.74
2019-11-08,16248.08
2019-11-09,16229.77
2019-11-10,16255.81
2019-11-11,16161.31
2019-11-12,16163.13
2019-11-13,16081.12
2019-11-14,16047.68
2019-11-15,16111.05
2019-11-16,16115.08
2019-11-17,16126.85
2019-11-18,16106.6
2019-11-19,16100.26
2019-11-20,16006.62
2019-11-21,15903.03
2019-11-22,15860.69
2019-11-23,15881.61
2019-11-24,15832.24
2019-11-25,15922.11
2019-11-26,15955.93
2019-11-27,16008.75
2019-11-28,15998.69
2019-11-29,15962.42
2019-11-30,15932.02
2019-12-01,15912.29
2019-12-02,15799.91
2019-12-03,15753.58
2019-12-04,15791.82
2019-12-05,15899.82
2019-12-06,16002.25
2019-12-07,16006.38
2019-12-08,16008.75
2019-12-09,15959.18
2019-12-10,15923.05
2019-12-11,15991.25
2019-12-12,16110.82
2019-12-13,16110.1
2019-12-14,16098.23
2019-12-15,16109.35
2019-12-16,16205.32
2019-12-17,16145.19
2019-12-18,16248.06
2019-12-19,16235.56
2019-12-20,16336.29
2019-12-21,16319.88
2019-12-22,16363.32
2019-12-23,16397.41
2019-12-24,16424.71
2019-12-25,16418.06
2019-12-26,16466.42
2019-12-27,16491.12
2019-12-28,16480.62
2019-12-29,16502.72
2019-12-30,16409.56
2019-12-31,16431.19
2020-01-01,16435.59
2020-01-02,16606.47
2020-01-03,16556.96
2020-01-04,16563.24
2020-01-05,16564.24
2020-01-06,16662.68
2020-01-07,16725.58
2020-01-08,16743.92
2020-01-09,16756.24
2020-01-10,16830.99
2020-01-11,16818.57
2020-01-12,16843.63
2020-01-13,16912.44
2020-01-14,16976.46
2020-01-15,16997.01
2020-01-16,17051.21
2020-01-17,17139.15
2020-01-18,17148.2
2020-01-19,17110.53
2020-01-20,17118.8
2020-01-21,17041.4
2020-01-22,17059.98
2020-01-23,16951.35
2020-01-24,16886.15
2020-01-25,16872.38
2020-01-26,16914.41
2020-01-27,16606.89
2020-01-28,16749.31
2020-01-29,16767.52
2020-01-30,16745.22
2020-01-31,16581.02
2020-02-01,16581.26
2020-02-02,16604.61
2020-02-03,16643.74
2020-02-04,16864.86
2020-02-05,16927.23
2020-02-06,17029.65
2020-02-07,16922.0
2020-02-08,16926.74
2020-02-09,16974.38
2020-02-10,16967.69
2020-02-11,17099.85
2020-02-12,17239.55
2020-02-13,17233.58
2020-02-14,17292.07
2020-02-15,17157.59
2020-02-16,17142.15
2020-02-17,17094.09
2020-02-18,17175.65
2020-02-19,17203.47
2020-02-20,17068.63
2020-02-21,17020.37
2020-02-22,17023.34
2020-02-23,17080.62
2020-02-24,16593.73
2020-02-25,16269.34
2020-02-26,16124.06
2020-02-27,15745.63
2020-02-28,15383.62
2020-02-29,15361.13
2020-03-01,15361.58
2020-03-02,15674.38
2020-03-03,15731.34
2020-03-04,15937.86
2020-03-05,15862.86
2020-03-06,15559.14
2020-03-07,15526.1
2020-03-08,15372.75
2020-03-09,14547.21
2020-03-10,14773.63
2020-03-11,14441.6
2020-03-12,12666.36
2020-03-13,13127.34
2020-03-14,13063.83
2020-03-15,13092.93
2020-03-16,12021.43
2020-03-17,12396.24
2020-03-18,11773.51
2020-03-19,12017.05
2020-03-20,11984.03
2020-03-21,11975.71
2020-03-22,11920.0
2020-03-23,11843.31
2020-03-24,12755.47
2020-03-25,13004.61
2020-03-26,13454.26
2020-03-27,13127.91
2020-03-28,13082.01
2020-03-29,13033.99
2020-03-30,13356.87
2020-03-31,13352.94
2020-04-01,12904.79
2020-04-02,13111.36
2020-04-03,12951.9
2020-04-04,12969.25
2020-04-05,12966.5
2020-04-06,13635.47
2020-04-07,13819.44
2020-04-08,13902.24
2020-04-09,14205.04
2020-04-10,14132.89
2020-04-11,14133.17
2020-04-12,14152.2
2020-04-13,14089.76
2020-04-14,14345.03
2020-04-15,14135.56
2020-04-16,14263.37
2020-04-17,14396.74
2020-04-18,14428.05
2020-04-19,14413.06
2020-04-20,14319.04
2020-04-21,13866.54
2020-04-22,14088.64
2020-04-23,14173.1
2020-04-24,14208.76
2020-04-25,14222.19
2020-04-26,14243.13
2020-04-27,14478.5
2020-04-28,14521.37
2020-04-29,14949.57
2020-04-30,14714.22
2020-05-01,14420.02
2020-05-02,14457.99
2020-05-03,14439.9
2020-05-04,14344.23
2020-05-05,14536.06
2020-05-06,14545.02
2020-05-07,14776.41
2020-05-08,14978.72
2020-05-09,14944.69
2020-05-10,14823.0
2020-05-11,14876.86
2020-05-12,14799.03
2020-05-13,14707.15
2020-05-14,14670.23
2020-05-15,14775.8
2020-05-16,14792.22
2020-05-17,14836.55
2020-05-18,15321.32
2020-05-19,15876.72
2020-05-20,15932.77
2020-05-21,15702.95
2020-05-22,15638.79
2020-05-23,15663.26
2020-05-24,15615.05
2020-05-25,15682.06
2020-05-26,15874.37
2020-05-27,15951.4
2020-05-28,16061.91
2020-05-29,16130.55
2020-05-30,16216.66
2020-05-31,16190.5
2020-06-01,16528.15
2020-06-02,16673.1
2020-06-03,16865.15
2020-06-04,16826.36
2020-06-05,17091.99
2020-06-06,17124.25
2020-06-07,17169.81
2020-06-08,17297.74
2020-06-09,17295.73
2020-06-10,17322.62
2020-06-11,16527.01
2020-06-12,16599.14
2020-06-13,16603.43
2020-06-14,16620.27
2020-06-15,16606.81
2020-06-16,16947.8
2020-06-17,16953.56
2020-06-18,16922.38
2020-06-19,16988.46
2020-06-20,17024.54
2020-06-21,17020.72
2020-06-22,17121.39
2020-06-23,17300.91
2020-06-24,16836.35
2020-06-25,16888.5
2020-06-26,16736.07
2020-06-27,16702.45
2020-06-28,16775.51
2020-06-29,16922.46
2020-06-30,17021.85
2020-07-01,17086.67
2020-07-02,17241.76
2020-07-03,17219.97
2020-07-04,17258.56
2020-07-05,17272.18
2020-07-06,17756.71
2020-07-07,17601.54
2020-07-08,17866.08
2020-07-09,17788.25
2020-07-10,17859.0
2020-07-11,17875.65
2020-07-12,17875.29
2020-07-13,17875.03
2020-07-14,17808.78
2020-07-15,18024.79
2020-07-16,17840.79
2020-07-17,17953.29
2020-07-18,17986.15
2020-07-19,17984.99
2020-07-20,18164.12
2020-07-21,18455.03
2020-07-22,18726.76
2020-07-23,18607.6
2020-07-24,18521.69
2020-07-25,18588.7
2020-07-26,18642.05
2020-07-27,19140.63
2020-07-28,19041.84
2020-07-29,19211.93
2020-07-30,19024.56
2020-07-31,19154.38
2020-08-01,19318.78
2020-08-02,19167.71
2020-08-03,19424.16
2020-08-04,19676.49
2020-08-05,19982.95
2020-08-06,20187.17
2020-08-07,19942.91
2020-08-08,20013.01
2020-08-09,20002.06
2020-08-10,20164.58
2020-08-11,19531.83
2020-08-12,19731.48
2020-08-13,19997.09
2020-08-14,19866.35
2020-08-15,19884.54
2020-08-16,19914.05
2020-08-17,20191.74
2020-08-18,20192.95
2020-08-19,19928.27
2020-08-20,20155.02
2020-08-21,20078.84
2020-08-22,20169.03
2020-08-23,20173.47
2020-08-24,20362.66
2020-08-25,20403.3
2020-08-26,20658.82
2020-08-27,20499.98
2020-08-28,20776.97
2020-08-29,20785.65
2020-08-30,20851.56
2020-08-31,20862.5
2020-09-01,21015.83
2020-09-02,20905.11
2020-09-03,20063.99
2020-09-04,20436.09
2020-09-05,20249.17
2020-09-06,20314.78
2020-09-07,20378.52
2020-09-08,19968.88
2020-09-09,20279.81
2020-09-10,20161.55
2020-09-11,20255.78
2020-09-12,20328.35
2020-09-13,20280.87
2020-09-14,20671.68
2020-09-15,20778.84
2020-09-16,20777.52
2020-09-17,20654.57
2020-09-18,20539.13
2020-09-19,20550.07
2020-09-20,20434.08
2020-09-21,19741.13
2020-09-22,19755.78
2020-09-23,19319.2
2020-09-24,19491.17
2020-09-25,19472.53
2020-09-26,19477.24
2020-09-27,19480.44
2020-09-28,19803.4
2020-09-29,19970.29
2020-09-30,20058.34
2020-10-01,20077.12
2020-10-02,19891.17
2020-10-03,19884.58
2020-10-04,19935.22
2020-10-05,20211.83
2020-10-06,19978.14
2020-10-07,20192.47
2020-10-08,20376.39
2020-10-09,20773.93
2020-10-10,20809.94
2020-10-11,20818.07
2020-10-12,21097.69
2020-10-13,20819.67
2020-10-14,20798.29
2020-10-15,20830.03
2020-10-16,20922.63
2020-10-17,20904.9
2020-10-18,20801.95
2020-10-19,20534.92
2020-10-20,20461.08
2020-10-21,20542.43
2020-10-22,20533.01
2020-10-23,20594.4
2020-10-24,20623.83
2020-10-25,20560.19
2020-10-26,20124.24
2020-10-27,20273.78
2020-10-28,19581.57
2020-10-29,19640.55
2020-10-30,19522.64
2020-10-31,19547.83
2020-11-01,19550.33
2020-11-02,19658.95
2020-11-03,19914.8
2020-11-04,20212.71
2020-11-05,20956.98
2020-11-06,21068.6
2020-11-07,20927.05
2020-11-08,21006.87
2020-11-09,21096.27
2020-11-10,20839.34
2020-11-11,20985.42
2020-11-12,20890.59
2020-11-13,21119.56
2020-11-14,21069.16
2020-11-15,21020.4
2020-11-16,21409.39
2020-11-17,21484.41
2020-11-18,21462.64
2020-11-19,21696.78
2020-11-20,21708.69
2020-11-21,21857.26
2020-11-22,21787.97
2020-11-23,22091.32
2020-11-24,22498.32
2020-11-25,22483.21
2020-11-26,22077.54
2020-11-27,22283.73
2020-11-28,22425.72
2020-11-29,22470.64
2020-11-30,22505.81
2020-12-01,22674.0
2020-12-02,22754.71
2020-12-03,23107.76
2020-12-04,22962.65
2020-12-05,23056.13
2020-12-06,23104.11
2020-12-07,22973.4
2020-12-08,22877.83
2020-12-09,22681.85
2020-12-10,22646.55
2020-12-11,22734.35
2020-12-12,22763.45
2020-12-13,22819.44
2020-12-14,22927.29
2020-12-15,23048.09
2020-12-16,23544.46
2020-12-17,23973.53
2020-12-18,24001.95
2020-12-19,24060.99
2020-12-20,23992.68
2020-12-21,23974.28
2020-12-22,24014.77
2020-12-23,23755.53
2020-12-24,23875.04
2020-12-25,23930.37
2020-12-26,24046.35
2020-12-27,24006.07
2020-12-28,24131.88
2020-12-29,24399.22
2020-12-30,24860.84
2020-12-31,24832.64
2021-01-01,24844.31
2021-01-02,25107.37
2021-01-03,25233.03
2021-01-04,25354.99
2021-01-05,25759.43
2021-01-06,26083.59
2021-01-07,26795.26
2021-01-08,26852.32
2021-01-09,26866.29
2021-01-10,26639.29
2021-01-11,25987.8
2021-01-12,26042.38
2021-01-13,26926.44
2021-01-14,27333.52
2021-01-15,26697.27
2021-01-16,26958.21
2021-01-17,26905.86
2021-01-18,27005.02
2021-01-19,27399.25
2021-01-20,27816.53
2021-01-21,27381.29
2021-01-22,27959.41
2021-01-23,27947.75
2021-01-24,27977.05
2021-01-25,28426.12
2021-01-26,28179.76
2021-01-27,27223.88
2021-01-28,27809.46
2021-01-29,27580.64
2021-01-30,27722.71
2021-01-31,27634.18
2021-02-01,28131.63
2021-02-02,28491.54
2021-02-03,29250.78
2021-02-04,29057.68
2021-02-05,29580.62
2021-02-06,29609.48
2021-02-07,29500.88
2021-02-08,30910.77
2021-02-09,31463.93
2021-02-10,30930.86
2021-02-11,31453.04
2021-02-12,31889.83
2021-02-13,31880.54
2021-02-14,31888.99
2021-02-15,31825.69
2021-02-16,31823.91
2021-02-17,32271.6
2021-02-18,31987.14
2021-02-19,32956.68
2021-02-20,33120.5
2021-02-21,33320.34
2021-02-22,33301.15
2021-02-23,31392.17
2021-02-24,31735.72
2021-02-25,30516.31
2021-02-26,30089.51
2021-02-27,30155.76
2021-02-28,29881.42
2021-03-01,31008.44
2021-03-02,30631.51
2021-03-03,30541.82
2021-03-04,29616.21
2021-03-05,29478.79
2021-03-06,29527.43
2021-03-07,29867.11
2021-03-08,29933.4
2021-03-09,31243.47
2021-03-10,31278.16
2021-03-11,32242.56
2021-03-12,31972.9
2021-03-13,32465.21
2021-03-14,32124.91
2021-03-15,31732.88
2021-03-16,31788.87
2021-03-17,32273.98
2021-03-18,32028.13
2021-03-19,32502.93
2021-03-20,32263.92
2021-03-21,32216.46
2021-03-22,31746.76
2021-03-23,31212.17
2021-03-24,30352.58
2021-03-25,30259.02
2021-03-26,31036.14
2021-03-27,30998.45
2021-03-28,30976.5
2021-03-29,31250.57
2021-03-30,31358.3
2021-03-31,31651.37
2021-04-01,31996.84
2021-04-02,32373.92
2021-04-03,32097.63
2021-04-04,32559.05
2021-04-05,33192.85
2021-04-06,33222.26
2021-04-07,31969.05
2021-04-08,32803.24
2021-04-09,32740.46
2021-04-10,33353.95
2021-04-11,33360.08
2021-04-12,33220.49
2021-04-13,34477.23
2021-04-14,34561.19
2021-04-15,34653.05
2021-04-16,34156.48
2021-04-17,34131.84
2021-04-18,33114.36
2021-04-19,32440.71
2021-04-20,32584.36
2021-04-21,32490.9
2021-04-22,31904.91
2021-04-23,31946.97
2021-04-24,31512.05
2021-04-25,31583.48
2021-04-26,32964.07
2021-04-27,33231.6
2021-04-28,33110.41
2021-04-29,32995.73
2021-04-30,33453.85
2021-05-01,33626.74
2021-05-02,33321.92
2021-05-03,33595.47
2021-05-04,32429.48
2021-05-05,33617.18
2021-05-06,33682.78
2021-05-07,33865.5
2021-05-08,33984.94
2021-05-09,33890.39
2021-05-10,32802.62
2021-05-11,33185.67
2021-05-12,31412.39
2021-05-13,31803.57
2021-05-14,32850.84
2021-05-15,32299.63
2021-05-16,32200.11
2021-05-17,31782.39
2021-05-18,32201.58
2021-05-19,29378.93
2021-05-20,30526.61
2021-05-21,29473.67
2021-05-22,29106.64
2021-05-23,28248.8
2021-05-24,29661.07
2021-05-25,29672.1
2021-05-26,30227.05
2021-05-27,30085.58
2021-05-28,29377.53
2021-05-29,29063.85
2021-05-30,29308.57
2021-05-31,29997.18
2021-06-01,29962.46
2021-06-02,30468.47
2021-06-03,30505.54
2021-06-04,30236.6
2021-06-05,30014.35
2021-06-06,30184.61
2021-06-07,29705.47
2021-06-08,29691.89
2021-06-09,30219.65
2021-06-10,30007.65
2021-06-11,29985.9
2021-06-12,29779.93
2021-06-13,30301.24
2021-06-14,31543.25
2021-06-15,31515.59
2021-06-16,30916.94
2021-06-17,30800.12
2021-06-18,30061.84
2021-06-19,29952.58
2021-06-20,30004.76
2021-06-21,28959.16
2021-06-22,28939.66
2021-06-23,29501.08
2021-06-24,29891.65
2021-06-25,29494.68
2021-06-26,29559.41
2021-06-27,29972.72
2021-06-28,30105.8
2021-06-29,30312.7
2021-06-30,30206.14
2021-07-01,29832.65
2021-07-02,29898.23
2021-07-03,30052.01
2021-07-04,30205.99
2021-07-05,29909.87
2021-07-06,29834.5
2021-07-07,29752.88
2021-07-08,29175.57
2021-07-09,29702.91
2021-07-10,29610.67
2021-07-11,29822.32
2021-07-12,29567.91
2021-07-13,29392.11
2021-07-14,29301.85
2021-07-15,28922.54
2021-07-16,28586.89
2021-07-17,28613.33
2021-07-18,28656.33
2021-07-19,27929.79
2021-07-20,27893.83
2021-07-21,28680.83
2021-07-22,28779.36
2021-07-23,28812.43
2021-07-24,28919.2
2021-07-25,28994.82
2021-07-26,29127.76
2021-07-27,29055.52
2021-07-28,29539.81
2021-07-29,29798.31
2021-07-30,29931.57
2021-07-31,30019.87
2021-08-01,29869.41
2021-08-02,29888.97
2021-08-03,29651.76
2021-08-04,30031.1
2021-08-05,30282.29
2021-08-06,30461.69
2021-08-07,30866.02
2021-08-08,30595.98
2021-08-09,30995.73
2021-08-10,31046.6
2021-08-11,31373.57
2021-08-12,30981.79
2021-08-13,31692.1
2021-08-14,31813.33
2021-08-15,31969.64
2021-08-16,31701.52
2021-08-17,31087.16
2021-08-18,31251.94
2021-08-19,31445.64
2021-08-20,32083.22
2021-08-21,31916.19
2021-08-22,31954.34
2021-08-23,32452.2
2021-08-24,32169.73
2021-08-25,32428.45
2021-08-26,31794.82
2021-08-27,32745.78
2021-08-28,32742.7
2021-08-29,32730.93
2021-08-30,32695.37
2021-08-31,33251.75
2021-09-01,33893.34
2021-09-02,34113.52
2021-09-03,34727.17
2021-09-04,34562.83
2021-09-05,35034.8
2021-09-06,35659.62
2021-09-07,34100.18
2021-09-08,34031.71
2021-09-09,34247.65
2021-09-10,35526.9
2021-09-11,35769.89
2021-09-12,36107.23
2021-09-13,36335.66
2021-09-14,36149.27
2021-09-15,36212.53
2021-09-16,36345.77
2021-09-17,35479.28
2021-09-18,35928.06
2021-09-19,35507.14
2021-09-20,33334.08
2021-09-21,32990.12
2021-09-22,33986.62
2021-09-23,34168.04
2021-09-24,33270.84
2021-09-25,33149.75
2021-09-26,33164.63
2021-09-27,33201.67
2021-09-28,32356.07
2021-09-29,32172.23
2021-09-30,32699.64
2021-10-01,33940.96
2021-10-02,34047.99
2021-10-03,34215.84
2021-10-04,33790.42
2021-10-05,34233.56
2021-10-06,34352.77
2021-10-07,34673.72
2021-10-08,34680.07
2021-10-09,35009.83
2021-10-10,34699.13
2021-10-11,34903.8
2021-10-12,34772.97
2021-10-13,35375.76
2021-10-14,35636.89
2021-10-15,36410.14
2021-10-16,36224.54
2021-10-17,36248.19
2021-10-18,36177.16
2021-10-19,36657.88
2021-10-20,37471.53
2021-10-21,37075.83
2021-10-22,36944.43
2021-10-23,37160.47
2021-10-24,37049.33
2021-10-25,37664.53
2021-10-26,37277.62
2021-10-27,36231.4
2021-10-28,36995.62
2021-10-29,37480.89
2021-10-30,37220.01
2021-10-31,37246.54
2021-11-01,37909.17
2021-11-02,38876.45
2021-11-03,39586.08
2021-11-04,39783.82
2021-11-05,40377.7
2021-11-06,40281.24
2021-11-07,40561.93
2021-11-08,41725.33
2021-11-09,40840.12
2021-11-10,39951.46
2021-11-11,40398.57
2021-11-12,40386.96
2021-11-13,40916.48
2021-11-14,41387.05
2021-11-15,41128.89
2021-11-16,40035.76
2021-11-17,41303.31
2021-11-18,39906.77
2021-11-19,41100.73
2021-11-20,41406.03
2021-11-21,42884.57
2021-11-22,41964.35
2021-11-23,43796.6
2021-11-24,43105.29
2021-11-25,42987.68
2021-11-26,40061.16
2021-11-27,41157.53
2021-11-28,41236.24
2021-11-29,41106.31
2021-11-30,40750.64
2021-12-01,40934.01
2021-12-02,40558.76
2021-12-03,38970.87
2021-12-04,37902.82
2021-12-05,37330.15
2021-12-06,37944.83
2021-12-07,38678.45
2021-12-08,38789.92
2021-12-09,37477.11
2021-12-10,37079.36
2021-12-11,37720.14
2021-12-12,38144.28
2021-12-13,36383.12
2021-12-14,36113.27
2021-12-15,37166.46
2021-12-16,36831.98
2021-12-17,36223.13
2021-12-18,36497.48
2021-12-19,36292.82
2021-12-20,35685.32
2021-12-21,36804.56
2021-12-22,37174.93
2021-12-23,38337.67
2021-12-24,38500.59
2021-12-25,38750.04
2021-12-26,38752.12
2021-12-27,38701.64
2021-12-28,37266.14
2021-12-29,36746.63
2021-12-30,37212.09
2021-12-31,37038.39
2022-01-01,37645.47
2022-01-02,37699.99
2022-01-03,37410.97
2022-01-04,37106.35
2022-01-05,35759.01
2022-01-06,35476.48
2022-01-07,34634.03
2022-01-08,34541.49
2022-01-09,34661.3
2022-01-10,34224.92
2022-01-11,34996.12
2022-01-12,35829.32
2022-01-13,34948.92
2022-01-14,35040.01
2022-01-15,35186.05
2022-01-16,35144.58
2022-01-17,34685.71
2022-01-18,34323.06
2022-01-19,34155.41
2022-01-20,33955.87
2022-01-21,31879.15
2022-01-22,31152.06
2022-01-23,31806.32
2022-01-24,31257.15
2022-01-25,31464.81
2022-01-26,31480.11
2022-01-27,31134.18
2022-01-28,31466.72
2022-01-29,31692.38
2022-01-30,31523.01
2022-01-31,32405.41
2022-02-01,32916.56
2022-02-02,32244.33
2022-02-03,31952.23
2022-02-04,33042.06
2022-02-05,33246.25
2022-02-06,33518.58
2022-02-07,34259.68
2022-02-08,34379.68
2022-02-09,35119.54
2022-02-10,34569.36
2022-02-11,33637.06
2022-02-12,33743.07
2022-02-13,33868.89
2022-02-14,33426.9
2022-02-15,34456.78
2022-02-16,34206.8
2022-02-17,32830.18
2022-02-18,32560.26
2022-02-19,32638.66
2022-02-20,32059.53
2022-02-21,31489.13
2022-02-22,31669.23
2022-02-23,31292.3
2022-02-24,32787.58
2022-02-25,33807.44
2022-02-26,33751.57
2022-02-27,33306.83
2022-02-28,34556.18
2022-03-01,34515.83
2022-03-02,34695.53
2022-03-03,34004.89
2022-03-04,32833.23
2022-03-05,33087.16
2022-03-06,32702.39
2022-03-07,32091.6
2022-03-08,32367.87
2022-03-09,33472.03
2022-03-10,32783.4
2022-03-11,32542.81
2022-03-12,32621.57
2022-03-13,32313.58
2022-03-14,32268.69
2022-03-15,32519.34
2022-03-16,33936.78
2022-03-17,34032.36
2022-03-18,34471.88
2022-03-19,34690.45
2022-03-20,34382.19
2022-03-21,34284.45
2022-03-22,34804.1
2022-03-23,34958.91
2022-03-24,35471.67
2022-03-25,35340.11
2022-03-26,35441.69
2022-03-27,36087.5
2022-03-28,36105.86
2022-03-29,36636.01
2022-03-30,36584.9
2022-03-31,35988.09
2022-04-01,36458.57
2022-04-02,36412.26
2022-04-03,36587.03
2022-04-04,36826.86
2022-04-05,36086.66
2022-04-06,34926.91
2022-04-07,35110.83
2022-04-08,34740.88
2022-04-09,34955.69
2022-04-10,34811.85
2022-04-11,33594.44
2022-04-12,33897.96
2022-04-13,34337.25
2022-04-14,33857.32
2022-04-15,33969.57
2022-04-16,33997.79
2022-04-17,33798.04
2022-04-18,33932.05
2022-04-19,34314.0
2022-04-20,34204.99
2022-04-21,33585.63
2022-04-22,32973.51
2022-04-23,32965.72
2022-04-24,32828.01
2022-04-25,32768.5
2022-04-26,31714.3
2022-04-27,31970.0
2022-04-28,32239.77
2022-04-29,31563.32
2022-04-30,31068.6
2022-05-01,30906.96
2022-05-02,30593.24
2022-05-03,30639.44
2022-05-04,31518.42
2022-05-05,30145.64
2022-05-06,29689.58
2022-05-07,29468.95
2022-05-08,29094.55
2022-05-09,27170.26
2022-05-10,27443.49
2022-05-11,26289.3
2022-05-12,25813.89
2022-05-13,26670.79
2022-05-14,26902.69
2022-05-15,27276.5
2022-05-16,26870.82
2022-05-17,27592.64
2022-05-18,26567.18
2022-05-19,26919.34
2022-05-20,26605.07
2022-05-21,26672.58
2022-05-22,26864.84
2022-05-23,26820.78
2022-05-24,26679.84
2022-05-25,26759.58
2022-05-26,26822.0
2022-05-27,27100.45
2022-05-28,27202.95
2022-05-29,27340.36
2022-05-30,27900.91
2022-05-31,27771.88
2022-06-01,27202.11
2022-06-02,27717.42
2022-06-03,27233.73
2022-06-04,27273.18
2022-06-05,27267.02
2022-06-06,27677.61
2022-06-07,27687.21
2022-06-08,27528.82
2022-06-09,26997.67
2022-06-10,26218.63
2022-06-11,25914.59
2022-06-12,25581.42
2022-06-13,23992.62
2022-06-14,24125.71
2022-06-15,24661.38
2022-06-16,23672.79
2022-06-17,23843.59
2022-06-18,23618.66
2022-06-19,23915.63
2022-06-20,23982.15
2022-06-21,24311.62
2022-06-22,24011.63
2022-06-23,24323.77
2022-06-24,25021.25
2022-06-25,25062.3
2022-06-26,24910.91
2022-06-27,24899.49
2022-06-28,24488.04
2022-06-29,24201.78
2022-06-30,23956.79
2022-07-01,23871.62
2022-07-02,23888.25
2022-07-03,23905.66
2022-07-04,24146.29
2022-07-05,23919.71
2022-07-06,24063.26
2022-07-07,24595.44
2022-07-08,24617.97
2022-07-09,24634.37
2022-07-10,24457.47
2022-07-11,23837.55
2022-07-12,23657.0
2022-07-13,23802.37
2022-07-14,23643.39
2022-07-15,23988.12
2022-07-16,24132.79
2022-07-17,24046.77
2022-07-18,24515.97
2022-07-19,25002.04
2022-07-20,25051.0
2022-07-21,25238.51
2022-07-22,24940.82
2022-07-23,24874.53
2022-07-24,24935.68
2022-07-25,24610.19
2022-07-26,24381.34
2022-07-27,25179.05
2022-07-28,25673.73
2022-07-29,25881.92
2022-07-30,25908.41
2022-07-31,25873.61
2022-08-01,25848.04
2022-08-02,25775.15
2022-08-03,25873.84
2022-08-04,25975.57
2022-08-05,26086.07
2022-08-06,26001.98
2022-08-07,26053.59
2022-08-08,26416.11
2022-08-09,26135.66
2022-08-10,26688.73
2022-08-11,26799.33
2022-08-12,27170.27
2022-08-13,27168.63
2022-08-14,27093.06
2022-08-15,26990.29
2022-08-16,26984.36
2022-08-17,26582.46
2022-08-18,26439.63
2022-08-19,25471.2
2022-08-20,25500.2
2022-08-21,25601.15
2022-08-22,25232.4
2022-08-23,25249.98
2022-08-24,25312.05
2022-08-25,25651.39
2022-08-26,24854.95
2022-08-27,24834.83
2022-08-28,24729.2
2022-08-29,24805.51
2022-08-30,24363.15
2022-08-31,24281.65
2022-09-01,24076.43
2022-09-02,24023.63
2022-09-03,24002.53
2022-09-04,24042.99
2022-09-05,23930.13
2022-09-06,23595.14
2022-09-07,23999.6
2022-09-08,24178.06
2022-09-09,24847.47
2022-09-10,24927.35
2022-09-11,24911.55
2022-09-12,25309.9
2022-09-13,24205.81
2022-09-14,24239.86
2022-09-15,23850.72
2022-09-16,23653.46
2022-09-17,23788.49
2022-09-18,23534.45
2022-09-19,23667.53
2022-09-20,23452.28
2022-09-21,23197.51
2022-09-22,23241.99
2022-09-23,22952.55
2022-09-24,22855.66
2022-09-25,22796.87
2022-09-26,22667.71
2022-09-27,22571.03
2022-09-28,22879.33
2022-09-29,22674.06
2022-09-30,22594.15
2022-10-01,22577.64
2022-10-02,22493.88
2022-10-03,23035.98
2022-10-04,23777.13
2022-10-05,23638.34
2022-10-06,23522.28
2022-10-07,23027.01
2022-10-08,22997.53
2022-10-09,23032.31
2022-10-10,22623.62
2022-10-11,22343.8
2022-10-12,22332.73
2022-10-13,22520.81
2022-10-14,22245.76
2022-10-15,22222.26
2022-10-16,22261.38
2022-10-17,22711.1
2022-10-18,22758.28
2022-10-19,22443.13
2022-10-20,22433.81
2022-10-21,22737.53
2022-10-22,22743.43
2022-10-23,22825.65
2022-10-24,22725.71
2022-10-25,23265.43
2022-10-26,23561.33
2022-10-27,23325.83
2022-10-28,23532.28
2022-10-29,23558.34
2022-10-30,23560.53
2022-10-31,23476.96
2022-11-01,23550.23
2022-11-02,23102.49
2022-11-03,23051.71
2022-11-04,23927.57
2022-11-05,23996.31
2022-11-06,23841.38
2022-11-07,23926.48
2022-11-08,23443.64
2022-11-09,22320.23
2022-11-10,23598.43
2022-11-11,23776.64
2022-11-12,23643.63
2022-11-13,23415.9
2022-11-14,23570.27
2022-11-15,23809.09
2022-11-16,23496.11
2022-11-17,23330.62
2022-11-18,23379.76
2022-11-19,23360.28
2022-11-20,23195.36
2022-11-21,22994.67
2022-11-22,23276.24
2022-11-23,23609.31
2022-11-24,23642.9
2022-11-25,23605.78
2022-11-26,23584.92
2022-11-27,23578.92
2022-11-28,23270.73
2022-11-29,23378.55
2022-11-30,24022.48
2022-12-01,24218.75
2022-12-02,24268.37
2022-12-03,24209.63
2022-12-04,24258.31
2022-12-05,23934.19
2022-12-06,23747.66
2022-12-07,23631.68
2022-12-08,23925.0
2022-12-09,23870.89
2022-12-10,23869.46
2022-12-11,23849.35
2022-12-12,23874.78
2022-12-13,24296.12
2022-12-14,24286.39
2022-12-15,23606.25
2022-12-16,23253.82
2022-12-17,23279.81
2022-12-18,23276.89
2022-12-19,23065.81
2022-12-20,23278.63
2022-12-21,23486.79
2022-12-22,23208.11
2022-12-23,23273.96
2022-12-24,23286.68
2022-12-25,23275.07
2022-12-26,23302.55
2022-12-27,23323.34
2022-12-28,22998.73
2022-12-29,23317.51
2022-12-30,23201.08
2022-12-31,23188.89
2023-01-01,23207.82
2023-01-02,23253.5
2023-01-03,23346.82
2023-01-04,23753.15
2023-01-05,23549.71
2023-01-06,23973.71
2023-01-07,23979.87
2023-01-08,24019.13
2023-01-09,24237.28
2023-01-10,24282.69
2023-01-11,24544.89
2023-01-12,24816.23
2023-01-13,25171.77
2023-01-14,25430.83
2023-01-15,25372.56
2023-01-16,25512.72
2023-01-17,25408.93
2023-01-18,24952.73
2023-01-19,24957.9
2023-01-20,25543.03
2023-01-21,25503.08
2023-01-22,25500.23
2023-01-23,25798.11
2023-01-24,25740.97
2023-01-25,25871.26
2023-01-26,26024.08
2023-01-27,26097.52
2023-01-28,26061.75
2023-01-29,26193.65
2023-01-30,25723.29
2023-01-31,25913.36
2023-02-01,26296.52
2023-02-02,26455.97
2023-02-03,26215.72
2023-02-04,26212.16
2023-02-05,26113.16
2023-02-06,25864.93
2023-02-07,26024.95
2023-02-08,25858.69
2023-02-09,25519.9
2023-02-10,25301.94
2023-02-11,25350.43
2023-02-12,25321.2
2023-02-13,25497.17
2023-02-14,25579.71
2023-02-15,25962.83
2023-02-16,25682.26
2023-02-17,25735.31
2023-02-18,25738.01
2023-02-19,25729.98
2023-02-20,25865.07
2023-02-21,25473.93
2023-02-22,25307.0
2023-02-23,25299.77
2023-02-24,24843.74
2023-02-25,24819.61
2023-02-26,24889.8
2023-02-27,24978.69
2023-02-28,24897.82
2023-03-01,25044.81
2023-03-02,25058.76
2023-03-03,25209.94
2023-03-04,25193.68
2023-03-05,25200.91
2023-03-06,25137.57
2023-03-07,24672.09
2023-03-08,24558.28
2023-03-09,24119.37
2023-03-10,23831.68
2023-03-11,23889.43
2023-03-12,24114.08
2023-03-13,24378.55
2023-03-14,24610.12
2023-03-15,24138.16
2023-03-16,24526.46
2023-03-17,24829.28
2023-03-18,24733.44
2023-03-19,24860.73
2023-03-20,24897.85
2023-03-21,25318.6
2023-03-22,25049.91
2023-03-23,25330.0
2023-03-24,25106.13
2023-03-25,25118.25
2023-03-26,25186.07
2023-03-27,25190.69
2023-03-28,25333.4
2023-03-29,25734.23
2023-03-30,25962.07
2023-03-31,26241.0
2023-04-01,26212.76
2023-04-02,26165.51
2023-04-03,26199.67
2023-04-04,26295.62
2023-04-05,26131.24
2023-04-06,26140.62
2023-04-07,26126.08
2023-04-08,26110.07
2023-04-09,26145.66
2023-04-10,26313.42
2023-04-11,26499.75
2023-04-12,26439.54
2023-04-13,26767.55
2023-04-14,26716.96
2023-04-15,26699.79
2023-04-16,26736.82
2023-04-17,26607.6
2023-04-18,26846.64
2023-04-19,26461.0
2023-04-20,26292.71
2023-04-21,26113.86
2023-04-22,26195.21
2023-04-23,26157.9
2023-04-24,26108.59
2023-04-25,25937.17
2023-04-26,25895.93
2023-04-27,26268.97
2023-04-28,26490.9
2023-04-29,26460.35
2023-04-30,26411.86
2023-05-01,26215.24
2023-05-02,26129.71
2023-05-03,26181.27
2023-05-04,26123.6
2023-05-05,26451.5
2023-05-06,26335.08
2023-05-07,26289.27
2023-05-08,26140.3
2023-05-09,26058.69
2023-05-10,26081.7
2023-05-11,25790.73
2023-05-12,25660.78
2023-05-13,25650.41
2023-05-14,25677.69
2023-05-15,25908.17
2023-05-16,25736.92
2023-05-17,25923.75
2023-05-18,25920.0
2023-05-19,25999.25
2023-05-20,26018.79
2023-05-21,25949.16
2023-05-22,26044.36
2023-05-23,25867.48
2023-05-24,25434.96
2023-05-25,25441.15
2023-05-26,25804.01
2023-05-27,25837.33
2023-05-28,25983.54
2023-05-29,25954.0
2023-05-30,25919.55
2023-05-31,25769.06
2023-06-01,25967.52
2023-06-02,26301.77
2023-06-03,26275.36
2023-06-04,26317.81
2023-06-05,26082.04
2023-06-06,26392.2
2023-06-07,26199.58
2023-06-08,26474.23
2023-06-09,26503.88
2023-06-10,26327.62
2023-06-11,26356.83
2023-06-12,26469.11
2023-06-13,26643.1
2023-06-14,26617.45
2023-06-15,26850.85
2023-06-16,27002.61
2023-06-17,27038.08
2023-06-18,27031.57
2023-06-19,27057.46
2023-06-20,26869.5
2023-06-21,26907.99
2023-06-22,26805.27
2023-06-23,26679.68
2023-06-24,26643.16
2023-06-25,26660.76
2023-06-26,26610.98
2023-06-27,26912.63
2023-06-28,26857.66
2023-06-29,27019.64
2023-06-30,27337.35
2023-07-01,27360.84
2023-07-02,27389.48
2023-07-03,27616.56
2023-07-04,27588.55
2023-07-05,27578.82
2023-07-06,27041.61
2023-07-07,27394.39
2023-07-08,27399.4
2023-07-09,27375.43
2023-07-10,27583.49
2023-07-11,27792.69
2023-07-12,28109.67
2023-07-13,28925.91
2023-07-14,28715.36
2023-07-15,28723.9
2023-07-16,28744.68
2023-07-17,28699.76
2023-07-18,28813.96
2023-07-19,28934.34
2023-07-20,28700.28
2023-07-21,28660.11
2023-07-22,28571.23
2023-07-23,28614.05
2023-07-24,28413.99
2023-07-25,28550.77
2023-07-26,28677.54
2023-07-27,28450.1
2023-07-28,28753.1
2023-07-29,28767.68
2023-07-30,28726.09
2023-07-31,28833.16
2023-08-01,28726.09
2023-08-02,28098.05
2023-08-03,27991.5
2023-08-04,27906.3
2023-08-05,27888.77
2023-08-06,27893.56
2023-08-07,27895.17
2023-08-08,27791.19
2023-08-09,27703.64
2023-08-10,27635.15
2023-08-11,27440.06
2023-08-12,27443.02
2023-08-13,27416.7
2023-08-14,27548.1
2023-08-15,27298.99
2023-08-16,26947.97
2023-08-17,26509.53
2023-08-18,26378.32
2023-08-19,26411.08
2023-08-20,26443.73
2023-08-21,26554.34
2023-08-22,26511.47
2023-08-23,26931.54
2023-08-24,26608.22
2023-08-25,26680.37
2023-08-26,26670.96
2023-08-27,26684.88
2023-08-28,26882.71
2023-08-29,27527.11
2023-08-30,27492.97
2023-08-31,27227.66
2023-09-01,27186.4
2023-09-02,27203.27
2023-09-03,27222.04
2023-09-04,27203.96
2023-09-05,27000.61
2023-09-06,26859.38
2023-09-07,26760.98
2023-09-08,26773.93
2023-09-09,26761.1
2023-09-10,26728.8
2023-09-11,26715.17
2023-09-12,26587.78
2023-09-13,26574.88
2023-09-14,26764.86
2023-09-15,26685.65
2023-09-16,26681.41
2023-09-17,26660.49
2023-09-18,26658.77
2023-09-19,26648.25
2023-09-20,26633.88
2023-09-21,26172.3
2023-09-22,26225.7
2023-09-23,26224.47
2023-09-24,26186.88
2023-09-25,26101.24
2023-09-26,25780.9
2023-09-27,25796.56
2023-09-28,26006.04
2023-09-29,25986.74
2023-09-30,25999.29
2023-10-01,26146.28
2023-10-02,25772.55
2023-10-03,25493.29
2023-10-04,25572.44
2023-10-05,25554.67
2023-10-06,25952.48
2023-10-07,25943.04
2023-10-08,25930.2
2023-10-09,25902.87
2023-10-10,26149.22
2023-10-11,26151.53
2023-10-12,25971.85
2023-10-13,25929.33
2023-10-14,25931.38
2023-10-15,25958.26
2023-10-16,26264.53
2023-10-17,26291.74
2023-10-18,26002.96
2023-10-19,26012.26
2023-10-20,25883.22
2023-10-21,25959.86
2023-10-22,25977.93
2023-10-23,26303.37
2023-10-24,26527.86
2023-10-25,26366.76
2023-10-26,26178.09
2023-10-27,26084.79
2023-10-28,26102.0
2023-10-29,26177.57
2023-10-30,26390.61
2023-10-31,26508.31
2023-11-01,26793.35
2023-11-02,27155.1
2023-11-03,27504.96
2023-11-04,27596.81
2023-11-05,27663.52
2023-11-06,27775.71
2023-11-07,27766.34
2023-11-08,27781.73
2023-11-09,27878.35
2023-11-10,28245.07
2023-11-11,28317.03
2023-11-12,28224.98
2023-11-13,28163.76
2023-11-14,28617.79
2023-11-15,29237.67
2023-11-16,28734.93
2023-11-17,28910.66
2023-11-18,28893.73
2023-11-19,29027.5
2023-11-20,29058.29
2023-11-21,28644.34
2023-11-22,29075.43
2023-11-23,29047.75
2023-11-24,29347.86
2023-11-25,29382.55
2023-11-26,29308.86
2023-11-27,29113.1
2023-11-28,29296.87
2023-11-29,29240.16
2023-11-30,29250.72
2023-12-01,29607.78
2023-12-02,29759.71
2023-12-03,29787.67
2023-12-04,29779.06
2023-12-05,29851.93
2023-12-06,29744.88
2023-12-07,29908.53
2023-12-08,30144.36
2023-12-09,30170.07
2023-12-10,30193.1
2023-12-11,29774.31
2023-12-12,29704.0
2023-12-13,30089.26
2023-12-14,30466.02
2023-12-15,30160.38
2023-12-16,30242.75
2023-12-17,30086.9
2023-12-18,30264.35
2023-12-19,30357.96
2023-12-20,30360.22
2023-12-21,30830.71
2023-12-22,31116.09
2023-12-23,31206.39
2023-12-24,31176.37
2023-12-25,31415.24
2023-12-26,31240.83
2023-12-27,31447.35
2023-12-28,31302.39
2023-12-29,31155.48
2023-12-30,31103.49
2023-12-31,31089.16
2024-01-01,31396.09
2024-01-02,31252.36
2024-01-03,30332.1
2024-01-04,30603.74
2024-01-05,30428.13
2024-01-06,30276.9
2024-01-07,30162.24
2024-01-08,30750.52
2024-01-09,30555.75
2024-01-10,30803.42
2024-01-11,30705.04
2024-01-12,30296.49
2024-01-13,30374.64
2024-01-14,30217.35
2024-01-15,30295.13
2024-01-16,30140.97
2024-01-17,29917.96
2024-01-18,29757.84
2024-01-19,29946.68
2024-01-20,29961.43
2024-01-21,29903.09
2024-01-22,29591.18
2024-01-23,29705.21
2024-01-24,29932.77
2024-01-25,30013.42
2024-01-26,30332.24
2024-01-27,30367.23
2024-01-28,30372.31
2024-01-29,30698.95
2024-01-30,30611.77
2024-01-31,30234.88
2024-02-01,30482.26
2024-02-02,30534.35
2024-02-03,30485.99
2024-02-04,30391.68
2024-02-05,30305.67
2024-02-06,30568.03
2024-02-07,30819.59
2024-02-08,31055.21
2024-02-09,31475.66
2024-02-10,31542.4
2024-02-11,31549.78
2024-02-12,32003.52
2024-02-13,31539.48
2024-02-14,32154.98
2024-02-15,32349.43
2024-02-16,32384.69
2024-02-17,32296.82
2024-02-18,32419.31
2024-02-19,32398.8
2024-02-20,32237.29
2024-02-21,32073.43
2024-02-22,32351.31
2024-02-23,32336.99
2024-02-24,32515.07
2024-02-25,32550.5
2024-02-26,32937.88
2024-02-27,33459.27
2024-02-28,34049.17
2024-02-29,34231.56
2024-03-01,34924.23
2024-03-02,35167.82
2024-03-03,35234.77
2024-03-04,36047.82
2024-03-05,35135.02
2024-03-06,36011.21
2024-03-07,36537.83
2024-03-08,36763.22
2024-03-09,36726.89
2024-03-10,36797.47
2024-03-11,37336.34
2024-03-12,37584.24
2024-03-13,38162.78
2024-03-14,37789.02
2024-03-15,37588.76
2024-03-16,37028.49
2024-03-17,37677.86
2024-03-18,37257.14
2024-03-19,36111.07
2024-03-20,37547.97
2024-03-21,37297.78
2024-03-22,36780.78
2024-03-23,36831.32
2024-03-24,37335.23
2024-03-25,37996.94
2024-03-26,37959.01
2024-03-27,37992.95
2024-03-28,38153.52
2024-03-29,38086.62
2024-03-30,38041.81
2024-03-31,38330.25
2024-04-01,37935.08
2024-04-02,37219.92
2024-04-03,37574.21
2024-04-04,37617.38
2024-04-05,37333.42
2024-04-06,37530.76
2024-04-07,37612.05
2024-04-08,38131.91
2024-04-09,37707.1
2024-04-10,37720.64
2024-04-11,37819.34
2024-04-12,36656.54
2024-04-13,35948.61
2024-04-14,36385.21
2024-04-15,35762.83
2024-04-16,35396.92
2024-04-17,34895.18
2024-04-18,35242.49
2024-04-19,35144.8
2024-04-20,35484.95
2024-04-21,35420.48
2024-04-22,35902.17
2024-04-23,36104.36
2024-04-24,35698.68
2024-04-25,35628.19
2024-04-26,35685.19
2024-04-27,35732.6
2024-04-28,35704.0
2024-04-29,35841.77
2024-04-30,34807.93
2024-05-01,34618.23
2024-05-02,35092.57
2024-05-03,35892.72
2024-05-04,35984.19
2024-05-05,35999.46
2024-05-06,36260.45
2024-05-07,36085.54
2024-05-08,35878.57
2024-05-09,36509.71
2024-05-10,36085.32
2024-05-11,36085.18
2024-05-12,36113.59
2024-05-13,36445.01
2024-05-14,36440.73
2024-05-15,37688.28
2024-05-16,37510.15
2024-05-17,38250.52
2024-05-18,38268.07
2024-05-19,38122.56
2024-05-20,39175.61
2024-05-21,38896.18
2024-05-22,38575.96
2024-05-23,38128.99
2024-05-24,38315.04
2024-05-25,38402.37
2024-05-26,38274.93
2024-05-27,38470.16
2024-05-28,38517.74
2024-05-29,38074.61
2024-05-30,37873.38
2024-05-31,37624.21
2024-06-01,37646.52
2024-06-02,37581.22
2024-06-03,37868.48
2024-06-04,37905.8
2024-06-05,38410.97
2024-06-06,38420.62
2024-06-07,37715.12
2024-06-08,37615.63
2024-06-09,37701.66
2024-06-10,37730.79
2024-06-11,37164.22
2024-06-12,37803.43
2024-06-13,37204.31
2024-06-14,37052.71
2024-06-15,37130.7
2024-06-16,37240.63
2024-06-17,37196.02
2024-06-18,37069.11
2024-06-19,37080.28
2024-06-20,37132.45
2024-06-21,36839.67
2024-06-22,36843.18
2024-06-23,36651.82
2024-06-24,36381.59
2024-06-25,36585.99
2024-06-26,36337.06
2024-06-27,36707.44
2024-06-28,36340.14
2024-06-29,36381.58
2024-06-30,36633.48
2024-07-01,36672.61
2024-07-02,36754.39
2024-07-03,36731.36
2024-07-04,36185.67
2024-07-05,36330.67
2024-07-06,36669.17
2024-07-07,36211.7
2024-07-08,36412.19
2024-07-09,36538.61
2024-07-10,36693.41
2024-07-11,36800.53
2024-07-12,37114.96
2024-07-13,37352.19
2024-07-14,37559.98
2024-07-15,38262.47
2024-07-16,38541.15
2024-07-17,37901.23
2024-07-18,37559.32
2024-07-19,37929.03
2024-07-20,38040.96
2024-07-21,38263.88
2024-07-22,38310.69
2024-07-23,38028.4
2024-07-24,37460.46
2024-07-25,37046.38
2024-07-26,37773.99
2024-07-27,37753.32
2024-07-28,37797.51
2024-07-29,37546.82
2024-07-30,37373.22
2024-07-31,37606.18
2024-08-01,37005.37
2024-08-02,35722.88
2024-08-03,35514.41
2024-08-04,35116.5
2024-08-05,33755.04
2024-08-06,34386.01
2024-08-07,34251.27
2024-08-08,35664.42
2024-08-09,35613.67
2024-08-10,35610.18
2024-08-11,35166.96
2024-08-12,35399.2
2024-08-13,35801.13
2024-08-14,35581.82
2024-08-15,35925.48
2024-08-16,36171.45
2024-08-17,36257.14
2024-08-18,36170.47
2024-08-19,36597.93
2024-08-20,36455.24
2024-08-21,36873.88
2024-08-22,36505.22
2024-08-23,37543.41
2024-08-24,37647.28
2024-08-25,37588.37
2024-08-26,37291.54
2024-08-27,36720.5
2024-08-28,36312.29
2024-08-29,36437.89
2024-08-30,36429.44
2024-08-31,36382.33
2024-09-01,36102.7
2024-09-02,36439.66
2024-09-03,35521.59
2024-09-04,35577.07
2024-09-05,35311.23
2024-09-06,34553.15
2024-09-07,34633.87
2024-09-08,34749.21
2024-09-09,35258.81
2024-09-10,35572.77
2024-09-11,35574.15
2024-09-12,36216.52
2024-09-13,36892.36
2024-09-14,36836.58
2024-09-15,36634.45
2024-09-16,36661.62
2024-09-17,36812.02
2024-09-18,36772.55
2024-09-19,37697.84
2024-09-20,37940.32
2024-09-21,38061.51
2024-09-22,37973.41
2024-09-23,38035.44
2024-09-24,38680.23
2024-09-25,38418.42
2024-09-26,39233.83
2024-09-27,39442.97
2024-09-28,39446.05
2024-09-29,39471.58
2024-09-30,38968.2
2024-10-01,38477.49
2024-10-02,38539.5
2024-10-03,38418.77
2024-10-04,39069.0
2024-10-05,39047.77
2024-10-06,39164.21
2024-10-07,39050.48
2024-10-08,38786.05
2024-10-09,38548.48
2024-10-10,38530.8
2024-10-11,39304.98
2024-10-12,39384.76
2024-10-13,39345.34
2024-10-14,39761.17
2024-10-15,39448.92
2024-10-16,39683.23
2024-10-17,39552.66
2024-10-18,40291.76
2024-10-19,40346.53
2024-10-20,40528.67
2024-10-21,40285.33
2024-10-22,40361.84
2024-10-23,39892.12
2024-10-24,40352.11
2024-10-25,39989.67
2024-10-26,40122.96
2024-10-27,40289.43
2024-10-28,40808.74
2024-10-29,41148.46
2024-10-30,40768.1
2024-10-31,39928.19
2024-11-01,39745.4
2024-11-02,39709.3
2024-11-03,39600.89
2024-11-04,39228.68
2024-11-05,39844.96
2024-11-06,41278.89
2024-11-07,42196.85
2024-11-08,42265.39
2024-11-09,42300.32
2024-11-10,42979.92
2024-11-11,45306.61
2024-11-12,44788.58
2024-11-13,44607.65
2024-11-14,44028.19
2024-11-15,44602.69
2024-11-16,44809.47
2024-11-17,44864.5
2024-11-18,45817.55
2024-11-19,46406.68
2024-11-20,47000.31
2024-11-21,47410.0
2024-11-22,48171.31
2024-11-23,48293.79
2024-11-24,48122.14
2024-11-25,47147.92
2024-11-26,46493.27
2024-11-27,47407.01
2024-11-28,47384.87
2024-11-29,48271.83
2024-11-30,48296.09
2024-12-01,48845.51
2024-12-02,48871.49
2024-12-03,48967.79
2024-12-04,49599.45
2024-12-05,49176.37
2024-12-06,49907.71
2024-12-07,50105.96
2024-12-08,50137.46
2024-12-09,48539.56
2024-12-10,48345.76
2024-12-11,49475.98
2024-12-12,48912.0
2024-12-13,49179.74
2024-12-14,48956.37
2024-12-15,49360.45
2024-12-16,49547.97
2024-12-17,49684.92
2024-12-18,47387.82
2024-12-19,46261.14
2024-12-20,46986.4
2024-12-21,46633.78
2024-12-22,46362.95
2024-12-23,46445.39
2024-12-24,47417.82
2024-12-25,47377.41
2024-12-26,46718.3
2024-12-27,46214.56
2024-12-28,46512.85
2024-12-29,46149.58
2024-12-30,45467.75
2024-12-31,45292.45
2025-01-01,45815.88
2025-01-02,46532.99
2025-01-03,47589.08
2025-01-04,47576.01
2025-01-05,47489.01
2025-01-06,48582.56
2025-01-07,46963.09
2025-01-08,46241.56
2025-01-09,45699.91
2025-01-10,45922.81
2025-01-11,46169.28
2025-01-12,46041.32
2025-01-13,45572.46
2025-01-14,46401.16
2025-01-15,48474.25
2025-01-16,48820.59
2025-01-17,49835.35
2025-01-18,50127.01
2025-01-19,49280.16
2025-01-20,49469.99
2025-01-21,50446.84
2025-01-22,50357.84
2025-01-23,50330.48
2025-01-24,50453.77
2025-01-25,50488.35
2025-01-26,49994.72
2025-01-27,48948.99
2025-01-28,48852.19
2025-01-29,49188.66
2025-01-30,49960.22
2025-01-31,49405.74
2025-02-01,48770.57
2025-02-02,47820.67
2025-02-03,48411.59
2025-02-04,48026.62
2025-02-05,47646.81
2025-02-06,47376.2
2025-02-07,47288.62
2025-02-08,47418.12
2025-02-09,47390.52
2025-02-10,47851.17
2025-02-11,47351.89
2025-02-12,47711.79
2025-02-13,47890.26
2025-02-14,48473.8
2025-02-15,48397.51
2025-02-16,48158.35
2025-02-17,47956.39
2025-02-18,47838.14
2025-02-19,48005.19
2025-02-20,48153.08
2025-02-21,47062.8
2025-02-22,47187.79
2025-02-23,47121.76
2025-02-24,45442.18
2025-02-25,44741.75
2025-02-26,44457.99
2025-02-27,43704.19
2025-02-28,43801.67
2025-03-01,43917.9
2025-03-02,45985.8
2025-03-03,43964.3
2025-03-04,44103.78
2025-03-05,45358.03
2025-03-06,45136.86
2025-03-07,44339.77
2025-03-08,44232.33
2025-03-09,43375.06
2025-03-10,41832.84
2025-03-11,42649.36
2025-03-12,43138.88
2025-03-13,42691.72
2025-03-14,44099.47
2025-03-15,44231.11
2025-03-16,43846.25
2025-03-17,44382.98
2025-03-18,43815.76
2025-03-19,44956.14
2025-03-20,44220.87
2025-03-21,44006.61
2025-03-22,44001.27
2025-03-23,44303.69
2025-03-24,45333.99
2025-03-25,45532.39
2025-03-26,44821.41
2025-03-27,44887.16
2025-03-28,43497.26
2025-03-29,43168.37
2025-03-30,43148.48
2025-03-31,42950.63
2025-04-01,43593.29
2025-04-02,43352.21
2025-04-03,41927.27
2025-04-04,40544.61
2025-04-05,40474.14
2025-04-06,39482.33
2025-04-07,38830.34
2025-04-08,38081.55
2025-04-09,40914.66
2025-04-10,40181.93
2025-04-11,41396.03
2025-04-12,41867.64
2025-04-13,41600.47
2025-04-14,42381.84
2025-04-15,42219.15
2025-04-16,42011.74
2025-04-17,42225.18
2025-04-18,42187.57
2025-04-19,42344.78
2025-04-20,42298.49
2025-04-21,42113.86
2025-04-22,43556.09
2025-04-23,44246.14
2025-04-24,44935.13
2025-04-25,45067.06
2025-04-26,45069.26
2025-04-27,45032.69
2025-04-28,45320.87
2025-04-29,45324.86
2025-04-30,45128.98
2025-05-01,45663.23
2025-05-02,46209.95
2025-05-03,46065.7
2025-05-04,45853.04
2025-05-05,45833.45
2025-05-06,46125.73
2025-05-07,45954.5
2025-05-08,47607.91
2025-05-09,47876.41
2025-05-10,48323.86
2025-05-11,48012.92
2025-05-12,48696.46
2025-05-13,49418.3
2025-05-14,49051.24
2025-05-15,48647.21
2025-05-16,48839.03
2025-05-17,48727.5
2025-05-18,49193.53
2025-05-19,49371.42
2025-05-20,49729.62
2025-05-21,49666.05
2025-05-22,49994.54
2025-05-23,49072.6
2025-05-24,49191.78
2025-05-25,49302.0
2025-05-26,49290.75
2025-05-27,49751.05
2025-05-28,49319.4
2025-05-29,48989.88
2025-05-30,48516.81
2025-05-31,48669.36
2025-06-01,48767.52
2025-06-02,49099.44
2025-06-03,49426.49
2025-06-04,49218.41
2025-06-05,48614.29
2025-06-06,49277.43
2025-06-07,49434.86
2025-06-08,49581.58
2025-06-09,50578.5
2025-06-10,50609.34
2025-06-11,50312.1
2025-06-12,50122.85
2025-06-13,49716.7
2025-06-14,49592.72
2025-06-15,49727.99
2025-06-16,50335.77
2025-06-17,49741.66
2025-06-18,49942.62
2025-06-19,49803.15
2025-06-20,49365.32
2025-06-21,49088.98
2025-06-22,48831.93
2025-06-23,49794.41
2025-06-24,50369.51
2025-06-25,50591.39
2025-06-26,50627.17
2025-06-27,50634.05
2025-06-28,50811.86
2025-06-29,50973.98
2025-06-30,51275.64
2025-07-01,50489.23
2025-07-02,51645.37
2025-07-03,52187.17
2025-07-04,51863.51
2025-07-05,51875.52
2025-07-06,52078.03
2025-07-07,51628.68
2025-07-08,51953.37
2025-07-09,52549.64
2025-07-10,53560.44
2025-07-11,53961.05
2025-07-12,53899.22
2025-07-13,54204.46
2025-07-14,54748.35
2025-07-15,54479.9
2025-07-16,55058.99
2025-07-17,56173.93
2025-07-18,55730.63
2025-07-19,55781.58
2025-07-20,55860.32
2025-07-21,56193.28
2025-07-22,56569.25
2025-07-23,56142.93
2025-07-24,56108.35
2025-07-25,55889.0
2025-07-26,56014.4
2025-07-27,56324.15
2025-07-28,55711.17
2025-07-29,55436.88
2025-07-30,55039.24
2025-07-31,54561.46
2025-08-01,53221.55
2025-08-02,52788.1
2025-08-03,53251.83
2025-08-04,54436.68
2025-08-05,53991.68
2025-08-06,54371.13
2025-08-07,55381.69
2025-08-08,55471.09
2025-08-09,55516.14
2025-08-10,55776.18
2025-08-11,55480.32
2025-08-12,56335.89
2025-08-13,56940.88
2025-08-14,55665.59
2025-08-15,55276.27
2025-08-16,55356.57
2025-08-17,55360.61
2025-08-18,55031.68
2025-08-19,53611.33
2025-08-20,54177.53
2025-08-21,53742.13
2025-08-22,55632.78
2025-08-23,55572.44
2025-08-24,55413.69
2025-08-25,54322.53
2025-08-26,55375.24
2025-08-27,55798.92
2025-08-28,56900.9
2025-08-29,55651.53
2025-08-30,55846.53
2025-08-31,55628.39
2025-09-01,55402.03
2025-09-02,55804.35
2025-09-03,55996.45
2025-09-04,55522.15
2025-09-05,55789.26
2025-09-06,55711.95
2025-09-07,55901.33
2025-09-08,56261.39
2025-09-09,56358.43
2025-09-10,57516.67
2025-09-11,57985.85
2025-09-12,58450.22
2025-09-13,58383.51
2025-09-14,58064.98
2025-09-15,58153.26
2025-09-16,58514.12
2025-09-17,58660.97
2025-09-18,59088.58
2025-09-19,59033.24
2025-09-20,58999.16
2025-09-21,58797.83
2025-09-22,58533.39
2025-09-23,58206.44
2025-09-24,58135.64
2025-09-25,56728.27
2025-09-26,57279.57
2025-09-27,57219.51
2025-09-28,57669.6
2025-09-29,58203.01
2025-09-30,58020.09
2025-10-01,59460.08
2025-10-02,60457.33
2025-10-03,60958.92
2025-10-04,60753.94
2025-10-05,60866.48
2025-10-06,61559.07
2025-10-07,60474.37
2025-10-08,61070.39
2025-10-09,60671.08
2025-10-10,57489.62
2025-10-11,57275.23
2025-10-12,58280.75
2025-10-13,60109.17
2025-10-14,59406.15
2025-10-15,59150.19
2025-10-16,58205.91
2025-10-17,57227.83
2025-10-18,57454.96
2025-10-19,57649.34
2025-10-20,58188.72
2025-10-21,57033.84
2025-10-22,56063.69
2025-10-23,56953.86
2025-10-24,57524.81
2025-10-25,57719.45
2025-10-26,58124.53
2025-10-27,58212.34
2025-10-28,57774.92
2025-10-29,57483.3
2025-10-30,56689.31
2025-10-31,57014.97
2025-11-01,57064.33
2025-11-02,57151.14
2025-11-03,55661.34
2025-11-04,53928.92
2025-11-05,54803.76
2025-11-06,53685.58
2025-11-07,54275.44
2025-11-08,54066.43
2025-11-09,54486.39
2025-11-10,55490.3
2025-11-11,54813.31
2025-11-12,54728.9
2025-11-13,53407.97
2025-11-14,52394.63
2025-11-15,52512.05
2025-11-16,52287.11
2025-11-17,51481.56
2025-11-18,51943.26
2025-11-19,51511.06
2025-11-20,50112.15
2025-11-21,49651.97
2025-11-22,49616.04
2025-11-23,49990.66
2025-11-24,51281.94
2025-11-25,51334.59
2025-11-26,52369.34
2025-11-27,52349.7
2025-11-28,53007.22
2025-11-29,52986.45
2025-11-30,52860.03
2025-12-01,52076.67
2025-12-02,53314.28
2025-12-03,54050.66
2025-12-04,53799.79
2025-12-05,53453.21
2025-12-06,53435.69
2025-12-07,53527.06
2025-12-08,53646.34
2025-12-09,54331.4
2025-12-10,54152.51
2025-12-11,54447.94
2025-12-12,53267.02
2025-12-13,53298.72
2025-12-14,52999.08
2025-12-15,52697.02
2025-12-16,52973.11
2025-12-17,52417.74
2025-12-18,52457.93
2025-12-19,53721.96
2025-12-20,53770.08
2025-12-21,53783.39
2025-12-22,54328.32
2025-12-23,54249.24
2025-12-24,54358.43
2025-12-25,54247.04
2025-12-26,54836.07
2025-12-27,54961.75
2025-12-28,54958.31
2025-12-29,53909.08
2025-12-30,54477.23
2025-12-31,53513.16
2026-01-01,53723.19
2026-01-02,54740.27
2026-01-03,54831.58
2026-01-04,55062.51
2026-01-05,56539.91
2026-01-06,57292.48
2026-01-07,56352.03
2026-01-08,55977.91
2026-01-09,56359.25
2026-01-10,56345.38
2026-01-11,56407.5
2026-01-12,57437.29
2026-01-13,58174.76
2026-01-14,59233.11
2026-01-15,58676.15
2026-01-16,58215.29
2026-01-17,58170.25
2026-01-18,57870.43
2026-01-19,57568.76
2026-01-20,56947.01
2026-01-21,57328.89
2026-01-22,57969.74
2026-01-23,58891.81
2026-01-24,58861.23
2026-01-25,58411.45
2026-01-26,59147.59
2026-01-27,60007.47
2026-01-28,60497.68
2026-01-29,59359.69
2026-01-30,54540.62
2026-01-31,53780.22
2026-02-01,53487.04
2026-02-02,53293.71
2026-02-03,53410.92
2026-02-04,52911.44
2026-02-05,48801.46
2026-02-06,51640.94
2026-02-07,51499.02
2026-02-08,51574.99
2026-02-09,52873.58
2026-02-10,52223.84
2026-02-11,52327.78
2026-02-12,50550.35
2026-02-13,51467.28
2026-02-14,51741.74
2026-02-15,51542.02
2026-02-16,51560.24
2026-02-17,50803.27
2026-02-18,51256.63
2026-02-19,51390.83
2026-02-20,52320.8
2026-02-21,52322.33
2026-02-22,52196.51
2026-02-23,52041.06
2026-02-24,52153.51
2026-02-25,53293.01
2026-02-26,53276.24
2026-02-27,53356.39
2026-02-28,53511.51
2026-03-01,53350.42
2026-03-02,53143.67
2026-03-03,51436.14
2026-03-04,52474.9
2026-03-05,51738.72
2026-03-06,51257.06
2026-03-07,51147.82
2026-03-08,51002.62
2026-03-09,51804.94
2026-03-10,52375.97
2026-03-11,52013.97
2026-03-12,51345.16
2026-03-13,50652.89
2026-03-14,50685.93
2026-03-15,50927.68
2026-03-16,51765.61
2026-03-17,51532.11
2026-03-18,50229.59
2026-03-19,49410.12
2026-03-20,48159.73
2026-03-21,47925.11
2026-03-22,47805.56
2026-03-23,48782.39
2026-03-24,48587.39
2026-03-25,49235.91
2026-03-26,47662.48
2026-03-27,47196.38
2026-03-28,47195.47
2026-03-29,47140.69
2026-03-30,47044.25
2026-03-31,48522.32
2026-04-01,48763.01
2026-04-02,48181.88
2026-04-03,48200.95
2026-04-04,48231.02
2026-04-05,48388.76
2026-04-06,48544.81
2026-04-07,48756.81
2026-04-08,49805.91
2026-04-09,49903.1
2026-04-10,50191.82
2026-04-11,50199.4
2026-04-12,49912.1
2026-04-13,50651.35
2026-04-14,51728.85
2026-04-15,52277.77
2026-04-16,52664.77
2026-04-17,53739.49
2026-04-18,53519.91
2026-04-19,53269.7
2026-04-20,53354.45
2026-04-21,52440.96
2026-04-22,53342.51
2026-04-23,52609.81
2026-04-24,52688.5
2026-04-25,52695.38
2026-04-26,52806.52
2026-04-27,52559.18
2026-04-28,51789.87
2026-04-29,51292.66
2026-04-30,52182.04
2026-05-01,52989.07
2026-05-02,53043.71
2026-05-03,53021.58
2026-05-04,52828.81
2026-05-05,53281.94
2026-05-06,54833.81
2026-05-07,54403.36
2026-05-08,54908.05
2026-05-09,54954.85
2026-05-10,55224.56
2026-05-11,56158.66
2026-05-12,55485.33
2026-05-13,55504.09
2026-05-14,55487.9
2026-05-15,53567.34
2026-05-16,53413.17
2026-05-17,53301.66
2026-05-18,53076.5
2026-05-19,52281.58
2026-05-20,53220.43
2026-05-21,53699.79
2026-05-22,53671.95
2026-05-23,53832.95
2026-05-24,53830.59
2026-05-25,53852.52
2026-05-26,54187.43
2026-05-27,53559.44
2026-05-28,53975.21
2026-05-29,54358.9
2026-05-30,54405.42
2026-05-31,54373.15
2026-06-01,54096.25
2026-06-02,53668.91
2026-06-03,52511.49
2026-06-04,52581.84
2026-06-05,50057.55
2026-06-06,50037.47
2026-06-07,50384.83
2026-06-08,50572.15
2026-06-09,49585.09
2026-06-10,48979.8
2026-06-11,50064.33
2026-06-12,51487.3
2026-06-13,51610.67
2026-06-14,51809.06
2026-06-15,53074.99
2026-06-16,52664.26
2026-06-17,51668.41
2026-06-18,51467.64
2026-06-19,51424.88
2026-06-20,51619.52
2026-06-21,51525.18
2026-06-22,51167.67
2026-06-23,49858.07
2026-06-24,48820.41
2026-06-25,48574.32
2026-06-26,48600.57
2026-06-27,48613.57
2026-06-28,48517.54
2026-06-29,49027.11
2026-06-30,49138.37
2026-07-01,49224.09
2026-07-02,49552.49
2026-07-03,49821.15
2026-07-04,49903.43
2026-07-05,49955.46
