date,close
2020-08-20,2.90008
2020-08-21,2.875028
2020-08-22,4.48469
2020-08-23,3.967066
2020-08-24,4.602614
2020-08-25,5.523393
2020-08-26,6.081716
2020-08-27,5.628337
2020-08-28,6.159955
2020-08-29,6.159143
2020-08-30,5.869881
2020-08-31,6.30002
2020-09-01,6.288767
2020-09-02,6.139465
2020-09-03,5.747868
2020-09-04,5.146038
2020-09-05,4.122313
2020-09-06,4.799468
2020-09-07,4.594669
2020-09-08,4.274324
2020-09-09,4.708939
2020-09-10,4.581584
2020-09-11,4.645567
2020-09-12,5.137037
2020-09-13,5.297951
2020-09-14,5.348709
2020-09-15,5.095706
2020-09-16,5.080322
2020-09-17,5.336301
2020-09-18,5.245764
2020-09-19,4.925411
2020-09-20,4.672449
2020-09-21,4.094597
2020-09-22,4.174463
2020-09-23,4.031415
2020-09-24,4.381973
2020-09-25,4.420954
2020-09-26,4.347662
2020-09-27,4.310281
2020-09-28,4.397861
2020-09-29,4.500452
2020-09-30,4.349781
2020-10-01,4.343831
2020-10-02,4.123179
2020-10-03,4.070046
2020-10-04,4.173911
2020-10-05,4.1727
2020-10-06,3.756162
2020-10-07,3.858798
2020-10-08,4.102642
2020-10-09,4.262468
2020-10-10,4.252955
2020-10-11,4.262162
2020-10-12,4.319948
2020-10-13,4.2494
2020-10-14,4.199114
2020-10-15,4.096811
2020-10-16,3.909529
2020-10-17,3.967252
2020-10-18,4.104651
2020-10-19,3.990592
2020-10-20,3.910343
2020-10-21,4.14112
2020-10-22,4.26895
2020-10-23,4.26685
2020-10-24,4.355344
2020-10-25,4.335231
2020-10-26,4.727016
2020-10-27,4.683952
2020-10-28,4.365097
2020-10-29,4.053345
2020-10-30,4.088113
2020-10-31,4.181768
2020-11-01,4.225615
2020-11-02,4.030232
2020-11-03,4.025468
2020-11-04,4.098083
2020-11-05,4.235195
2020-11-06,4.579652
2020-11-07,4.24196
2020-11-08,4.372093
2020-11-09,4.346767
2020-11-10,4.415016
2020-11-11,4.457202
2020-11-12,4.39924
2020-11-13,4.54012
2020-11-14,4.465622
2020-11-15,4.379988
2020-11-16,4.4855
2020-11-17,4.844666
2020-11-18,4.679663
2020-11-19,4.756766
2020-11-20,5.233436
2020-11-21,5.751921
2020-11-22,5.481853
2020-11-23,5.906932
2020-11-24,5.729446
2020-11-25,5.30986
2020-11-26,4.804577
2020-11-27,4.78279
2020-11-28,4.900476
2020-11-29,5.190352
2020-11-30,5.37643
2020-12-01,5.093567
2020-12-02,5.464157
2020-12-03,5.410369
2020-12-04,5.032714
2020-12-05,5.188903
2020-12-06,5.135868
2020-12-07,5.06032
2020-12-08,4.733347
2020-12-09,4.861897
2020-12-10,4.797596
2020-12-11,4.621052
2020-12-12,4.740454
2020-12-13,4.891212
2020-12-14,4.898082
2020-12-15,5.249607
2020-12-16,5.359314
2020-12-17,5.343968
2020-12-18,5.367641
2020-12-19,5.338945
2020-12-20,5.188476
2020-12-21,4.890546
2020-12-22,5.15483
2020-12-23,4.710613
2020-12-24,5.128821
2020-12-25,5.21421
2020-12-26,5.182181
2020-12-27,5.136191
2020-12-28,6.588822
2020-12-29,7.519257
2020-12-30,7.2543
2020-12-31,9.292508
2021-01-01,8.306819
2021-01-02,9.208837
2021-01-03,10.033283
2021-01-04,9.469611
2021-01-05,9.701656
2021-01-06,10.096068
2021-01-07,9.644585
2021-01-08,9.307135
2021-01-09,9.777765
2021-01-10,9.305048
2021-01-11,8.27644
2021-01-12,8.264148
2021-01-13,10.95771
2021-01-14,14.53905
2021-01-15,13.212381
2021-01-16,18.180424
2021-01-17,16.984255
2021-01-18,16.512926
2021-01-19,16.46851
2021-01-20,17.948931
2021-01-21,15.944838
2021-01-22,17.161442
2021-01-23,18.5982
2021-01-24,17.999649
2021-01-25,17.250456
2021-01-26,17.117762
2021-01-27,15.504861
2021-01-28,16.944933
2021-01-29,16.841612
2021-01-30,16.506908
2021-01-31,16.121315
2021-02-01,16.375776
2021-02-02,17.263256
2021-02-03,20.733652
2021-02-04,19.702183
2021-02-05,20.902676
2021-02-06,20.395479
2021-02-07,19.793615
2021-02-08,23.031898
2021-02-09,23.129965
2021-02-10,23.585051
2021-02-11,25.230295
2021-02-12,28.691257
2021-02-13,28.016726
2021-02-14,27.095736
2021-02-15,27.780893
2021-02-16,30.15991
2021-02-17,31.986658
2021-02-18,31.180639
2021-02-19,34.792217
2021-02-20,39.242176
2021-02-21,39.696228
2021-02-22,37.68948
2021-02-23,34.300774
2021-02-24,33.633545
2021-02-25,31.08066
2021-02-26,31.34609
2021-02-27,33.449368
2021-02-28,33.607258
2021-03-01,35.584927
2021-03-02,36.153118
2021-03-03,37.04332
2021-03-04,35.330311
2021-03-05,33.724472
2021-03-06,33.433693
2021-03-07,35.18866
2021-03-08,34.913754
2021-03-09,38.194191
2021-03-10,37.566944
2021-03-11,36.882496
2021-03-12,35.986954
2021-03-13,37.15781
2021-03-14,36.57925
2021-03-15,34.357517
2021-03-16,35.430832
2021-03-17,36.141365
2021-03-18,35.517223
2021-03-19,38.27269
2021-03-20,37.350479
2021-03-21,36.79361
2021-03-22,35.537544
2021-03-23,34.460464
2021-03-24,30.436436
2021-03-25,29.982208
2021-03-26,33.200386
2021-03-27,32.661049
2021-03-28,32.297894
2021-03-29,34.373604
2021-03-30,34.06686
2021-03-31,37.027012
2021-04-01,37.672878
2021-04-02,41.164284
2021-04-03,41.64603
2021-04-04,44.65221
2021-04-05,45.79723
2021-04-06,43.430199
2021-04-07,39.594013
2021-04-08,41.365952
2021-04-09,40.849308
2021-04-10,41.626152
2021-04-11,41.423397
2021-04-12,40.497498
2021-04-13,42.94791
2021-04-14,42.640842
2021-04-15,43.515968
2021-04-16,41.537975
2021-04-17,42.53595
2021-04-18,37.347431
2021-04-19,34.816669
2021-04-20,35.444435
2021-04-21,33.871029
2021-04-22,32.988476
2021-04-23,32.227985
2021-04-24,28.932833
2021-04-25,29.762489
2021-04-26,33.406628
2021-04-27,34.703159
2021-04-28,33.967552
2021-04-29,35.968155
2021-04-30,36.540665
2021-05-01,36.929684
2021-05-02,36.65453
2021-05-03,37.255207
2021-05-04,34.853508
2021-05-05,40.495045
2021-05-06,41.533466
2021-05-07,39.929852
2021-05-08,39.832691
2021-05-09,40.312843
2021-05-10,36.541771
2021-05-11,38.642284
2021-05-12,34.031391
2021-05-13,40.031654
2021-05-14,47.945938
2021-05-15,43.538631
2021-05-16,42.631512
2021-05-17,38.710159
2021-05-18,40.645355
2021-05-19,25.227142
2021-05-20,29.15057
2021-05-21,24.46397
2021-05-22,22.014524
2021-05-23,18.029442
2021-05-24,23.199089
2021-05-25,22.130131
2021-05-26,24.549688
2021-05-27,23.852982
2021-05-28,21.410093
2021-05-29,19.863375
2021-05-30,20.473988
2021-05-31,23.430927
2021-06-01,22.810846
2021-06-02,25.957727
2021-06-03,27.013458
2021-06-04,25.008299
2021-06-05,23.816771
2021-06-06,24.201599
2021-06-07,21.626959
2021-06-08,21.74527
2021-06-09,23.184938
2021-06-10,22.684816
2021-06-11,20.985857
2021-06-12,20.777037
2021-06-13,22.076334
2021-06-14,22.205357
2021-06-15,24.760836
2021-06-16,22.972176
2021-06-17,22.511454
2021-06-18,21.398895
2021-06-19,20.355942
2021-06-20,20.672363
2021-06-21,15.769904
2021-06-22,14.652412
2021-06-23,16.14249
2021-06-24,16.253658
2021-06-25,14.467696
2021-06-26,14.499612
2021-06-27,15.015594
2021-06-28,15.740378
2021-06-29,16.25337
2021-06-30,16.402195
2021-07-01,15.278964
2021-07-02,15.340774
2021-07-03,15.553716
2021-07-04,16.014027
2021-07-05,15.235582
2021-07-06,16.143564
2021-07-07,16.85779
2021-07-08,15.337748
2021-07-09,15.669269
2021-07-10,15.290839
2021-07-11,15.482435
2021-07-12,14.873133
2021-07-13,14.18965
2021-07-14,13.79957
2021-07-15,13.084849
2021-07-16,12.053826
2021-07-17,12.292176
2021-07-18,12.682146
2021-07-19,11.425251
2021-07-20,10.981212
2021-07-21,12.305879
2021-07-22,13.161491
2021-07-23,13.397968
2021-07-24,13.805341
2021-07-25,13.7126
2021-07-26,13.951712
2021-07-27,14.376072
2021-07-28,14.538835
2021-07-29,15.236948
2021-07-30,15.838523
2021-07-31,16.847204
2021-08-01,18.413965
2021-08-02,18.017284
2021-08-03,17.336826
2021-08-04,19.163094
2021-08-05,19.132372
2021-08-06,20.400679
2021-08-07,20.967094
2021-08-08,19.676132
2021-08-09,20.620972
2021-08-10,20.608009
2021-08-11,21.402422
2021-08-12,20.754807
2021-08-13,22.714149
2021-08-14,22.861027
2021-08-15,23.174017
2021-08-16,24.535856
2021-08-17,23.53364
2021-08-18,23.948135
2021-08-19,26.548628
2021-08-20,28.146954
2021-08-21,27.873337
2021-08-22,27.736874
2021-08-23,27.89131
2021-08-24,25.081446
2021-08-25,25.935373
2021-08-26,23.981495
2021-08-27,26.569754
2021-08-28,25.966742
2021-08-29,25.732918
2021-08-30,26.04472
2021-08-31,31.47002
2021-09-01,33.139481
2021-09-02,31.814713
2021-09-03,33.674274
2021-09-04,32.417515
2021-09-05,34.408791
2021-09-06,34.311203
2021-09-07,27.825745
2021-09-08,27.708794
2021-09-09,29.835569
2021-09-10,29.215357
2021-09-11,31.594603
2021-09-12,35.774338
2021-09-13,34.76799
2021-09-14,37.375801
2021-09-15,36.463394
2021-09-16,35.54755
2021-09-17,33.021385
2021-09-18,34.898865
2021-09-19,33.801334
2021-09-20,28.05183
2021-09-21,26.316502
2021-09-22,31.611773
2021-09-23,33.544739
2021-09-24,30.842344
2021-09-25,29.843185
2021-09-26,28.828663
2021-09-27,27.772104
2021-09-28,26.333828
2021-09-29,27.274256
2021-09-30,28.58062
2021-10-01,31.968777
2021-10-02,32.122108
2021-10-03,32.105255
2021-10-04,31.042126
2021-10-05,31.427458
2021-10-06,32.289612
2021-10-07,33.974548
2021-10-08,33.372894
2021-10-09,36.327404
2021-10-10,34.466419
2021-10-11,34.184631
2021-10-12,35.159767
2021-10-13,41.616932
2021-10-14,40.7551
2021-10-15,43.157112
2021-10-16,41.757626
2021-10-17,42.073952
2021-10-18,41.18367
2021-10-19,41.384014
2021-10-20,44.348656
2021-10-21,42.846519
2021-10-22,43.449368
2021-10-23,44.049973
2021-10-24,42.385658
2021-10-25,44.526623
2021-10-26,44.883873
2021-10-27,40.410454
2021-10-28,41.861691
2021-10-29,44.073624
2021-10-30,42.747833
2021-10-31,42.742096
2021-11-01,49.982254
2021-11-02,51.631351
2021-11-03,53.443703
2021-11-04,53.881733
2021-11-05,51.894672
2021-11-06,52.009216
2021-11-07,52.277981
2021-11-08,53.348457
2021-11-09,50.779362
2021-11-10,46.87133
2021-11-11,47.647625
2021-11-12,45.880806
2021-11-13,47.129055
2021-11-14,46.401821
2021-11-15,44.688717
2021-11-16,40.899315
2021-11-17,42.708294
2021-11-18,39.045967
2021-11-19,41.261021
2021-11-20,42.060429
2021-11-21,42.005707
2021-11-22,39.447872
2021-11-23,40.791042
2021-11-24,39.369419
2021-11-25,38.455948
2021-11-26,34.385906
2021-11-27,35.186699
2021-11-28,35.765121
2021-11-29,37.162655
2021-11-30,37.960495
2021-12-01,36.773266
2021-12-02,35.757893
2021-12-03,33.63953
2021-12-04,29.368837
2021-12-05,28.310139
2021-12-06,28.249523
2021-12-07,30.543865
2021-12-08,29.870499
2021-12-09,26.951921
2021-12-10,26.453915
2021-12-11,27.774729
2021-12-12,29.60898
2021-12-13,25.971106
2021-12-14,26.168419
2021-12-15,27.14576
2021-12-16,26.043077
2021-12-17,24.663027
2021-12-18,25.490757
2021-12-19,24.791401
2021-12-20,24.050674
2021-12-21,25.194195
2021-12-22,27.216074
2021-12-23,29.111094
2021-12-24,28.139498
2021-12-25,28.837757
2021-12-26,31.332836
2021-12-27,30.908672
2021-12-28,27.907103
2021-12-29,26.744373
2021-12-30,27.567789
2021-12-31,26.719675
2022-01-01,28.583582
2022-01-02,29.731167
2022-01-03,30.105101
2022-01-04,28.777731
2022-01-05,26.796141
2022-01-06,26.760822
2022-01-07,24.92524
2022-01-08,24.029129
2022-01-09,24.627319
2022-01-10,23.78006
2022-01-11,25.54393
2022-01-12,27.319494
2022-01-13,25.82889
2022-01-14,27.712864
2022-01-15,27.736834
2022-01-16,27.665129
2022-01-17,25.727352
2022-01-18,25.168928
2022-01-19,24.129553
2022-01-20,22.984886
2022-01-21,19.646294
2022-01-22,18.229856
2022-01-23,18.828775
2022-01-24,18.036749
2022-01-25,18.348646
2022-01-26,18.076839
2022-01-27,18.134811
2022-01-28,18.339581
2022-01-29,18.710241
2022-01-30,18.172527
2022-01-31,19.420546
2022-02-01,19.614204
2022-02-02,18.796898
2022-02-03,18.812508
2022-02-04,20.424664
2022-02-05,21.366989
2022-02-06,21.903336
2022-02-07,22.36451
2022-02-08,21.689148
2022-02-09,21.930412
2022-02-10,20.635054
2022-02-11,18.962442
2022-02-12,18.818741
2022-02-13,18.831486
2022-02-14,18.714754
2022-02-15,20.144676
2022-02-16,19.801155
2022-02-17,18.109921
2022-02-18,17.845699
2022-02-19,17.89226
2022-02-20,16.93051
2022-02-21,16.192122
2022-02-22,16.564276
2022-02-23,16.009569
2022-02-24,16.170918
2022-02-25,17.250305
2022-02-26,18.024559
2022-02-27,17.473413
2022-02-28,18.941088
2022-03-01,18.880503
2022-03-02,18.593468
2022-03-03,18.019323
2022-03-04,16.75708
2022-03-05,17.312721
2022-03-06,16.978825
2022-03-07,16.431496
2022-03-08,16.953651
2022-03-09,17.866676
2022-03-10,16.979118
2022-03-11,17.734423
2022-03-12,18.153923
2022-03-13,17.247932
2022-03-14,17.695951
2022-03-15,17.828997
2022-03-16,19.053368
2022-03-17,18.751732
2022-03-18,18.991892
2022-03-19,19.359505
2022-03-20,18.638643
2022-03-21,18.795271
2022-03-22,20.252199
2022-03-23,21.003956
2022-03-24,21.245491
2022-03-25,20.547285
2022-03-26,20.887957
2022-03-27,22.447863
2022-03-28,21.970449
2022-03-29,22.486179
2022-03-30,22.468348
2022-03-31,21.302511
2022-04-01,22.016987
2022-04-02,22.644535
2022-04-03,23.208246
2022-04-04,22.65777
2022-04-05,21.789715
2022-04-06,19.839634
2022-04-07,20.426392
2022-04-08,19.400885
2022-04-09,19.787586
2022-04-10,19.285307
2022-04-11,17.188892
2022-04-12,17.785879
2022-04-13,18.1985
2022-04-14,17.930796
2022-04-15,18.350922
2022-04-16,18.630079
2022-04-17,17.780474
2022-04-18,18.169546
2022-04-19,18.896812
2022-04-20,19.088778
2022-04-21,18.185995
2022-04-22,18.299129
2022-04-23,18.732672
2022-04-24,18.158657
2022-04-25,18.11998
2022-04-26,16.6506
2022-04-27,16.948017
2022-04-28,16.996513
2022-04-29,16.16279
2022-04-30,14.519939
2022-05-01,15.381729
2022-05-02,14.978443
2022-05-03,14.727037
2022-05-04,16.305258
2022-05-05,14.581028
2022-05-06,14.313102
2022-05-07,13.775654
2022-05-08,13.254074
2022-05-09,10.767036
2022-05-10,11.358492
2022-05-11,8.956188
2022-05-12,8.745313
2022-05-13,10.4933
2022-05-14,11.350681
2022-05-15,11.795572
2022-05-16,10.624635
2022-05-17,11.034236
2022-05-18,9.506676
2022-05-19,10.041606
2022-05-20,9.684748
2022-05-21,9.992507
2022-05-22,10.186108
2022-05-23,9.886961
2022-05-24,10.18118
2022-05-25,9.866582
2022-05-26,9.181025
2022-05-27,9.131903
2022-05-28,9.666282
2022-05-29,9.980677
2022-05-30,10.454896
2022-05-31,10.366197
2022-06-01,9.471385
2022-06-02,9.89768
2022-06-03,9.37693
2022-06-04,9.430593
2022-06-05,9.344997
2022-06-06,9.49277
2022-06-07,9.228157
2022-06-08,9.003772
2022-06-09,9.232093
2022-06-10,8.652823
2022-06-11,8.016177
2022-06-12,7.450018
2022-06-13,7.010198
2022-06-14,7.365457
2022-06-15,8.510279
2022-06-16,7.099977
2022-06-17,7.29432
2022-06-18,7.058119
2022-06-19,7.516708
2022-06-20,7.886881
2022-06-21,7.7422
2022-06-22,7.408511
2022-06-23,7.787092
2022-06-24,8.205908
2022-06-25,8.133731
2022-06-26,7.835564
2022-06-27,7.744108
2022-06-28,7.310052
2022-06-29,7.009116
2022-06-30,7.039863
2022-07-01,6.729926
2022-07-02,6.825885
2022-07-03,6.843847
2022-07-04,7.173794
2022-07-05,6.849418
2022-07-06,6.92998
2022-07-07,7.310357
2022-07-08,7.07125
2022-07-09,7.261516
2022-07-10,6.8587
2022-07-11,6.536404
2022-07-12,6.298569
2022-07-13,6.469764
2022-07-14,6.718586
2022-07-15,6.805499
2022-07-16,7.175997
2022-07-17,6.923593
2022-07-18,7.684227
2022-07-19,7.802578
2022-07-20,7.464481
2022-07-21,7.529248
2022-07-22,7.309357
2022-07-23,7.331505
2022-07-24,7.413887
2022-07-25,6.769232
2022-07-26,6.766585
2022-07-27,7.666439
2022-07-28,7.861245
2022-07-29,8.185587
2022-07-30,8.208562
2022-07-31,8.645671
2022-08-01,8.194032
2022-08-02,7.938991
2022-08-03,8.007531
2022-08-04,8.089339
2022-08-05,8.813465
2022-08-06,8.516014
2022-08-07,8.646408
2022-08-08,9.268289
2022-08-09,8.906954
2022-08-10,9.50207
2022-08-11,9.208973
2022-08-12,9.479537
2022-08-13,9.290427
2022-08-14,8.958502
2022-08-15,8.802429
2022-08-16,8.842569
2022-08-17,8.359841
2022-08-18,8.09457
2022-08-19,7.325466
2022-08-20,7.2331
2022-08-21,7.438866
2022-08-22,7.401979
2022-08-23,7.638374
2022-08-24,7.572387
2022-08-25,7.587152
2022-08-26,6.923963
2022-08-27,7.048661
2022-08-28,6.843182
2022-08-29,7.282452
2022-08-30,7.003431
2022-08-31,7.026895
2022-09-01,7.186678
2022-09-02,7.302052
2022-09-03,7.285171
2022-09-04,7.370433
2022-09-05,7.364228
2022-09-06,6.879021
2022-09-07,7.198487
2022-09-08,7.390428
2022-09-09,7.770865
2022-09-10,7.785724
2022-09-11,7.698151
2022-09-12,7.661845
2022-09-13,7.134012
2022-09-14,7.203162
2022-09-15,6.92655
2022-09-16,6.896843
2022-09-17,7.063627
2022-09-18,6.445236
2022-09-19,6.396911
2022-09-20,6.280215
2022-09-21,6.155727
2022-09-22,6.447795
2022-09-23,6.438069
2022-09-24,6.278332
2022-09-25,6.201147
2022-09-26,6.550902
2022-09-27,6.384196
2022-09-28,6.393946
2022-09-29,6.432816
2022-09-30,6.31519
2022-10-01,6.272257
2022-10-02,6.1633
2022-10-03,6.379697
2022-10-04,6.494706
2022-10-05,6.43524
2022-10-06,6.33718
2022-10-07,6.331759
2022-10-08,6.307404
2022-10-09,6.475232
2022-10-10,6.261762
2022-10-11,6.179375
2022-10-12,6.176182
2022-10-13,6.116868
2022-10-14,6.044194
2022-10-15,6.052941
2022-10-16,6.18603
2022-10-17,6.253135
2022-10-18,6.158466
2022-10-19,6.106726
2022-10-20,5.885611
2022-10-21,5.834851
2022-10-22,5.848345
2022-10-23,5.960239
2022-10-24,5.915407
2022-10-25,6.447359
2022-10-26,6.46591
2022-10-27,6.336137
2022-10-28,6.521456
2022-10-29,6.63376
2022-10-30,6.652473
2022-10-31,6.630904
2022-11-01,6.473107
2022-11-02,6.244959
2022-11-03,6.425296
2022-11-04,7.064493
2022-11-05,7.019451
2022-11-06,6.820865
2022-11-07,7.121714
2022-11-08,6.294656
2022-11-09,5.413379
2022-11-10,5.959507
2022-11-11,5.750708
2022-11-12,5.768753
2022-11-13,5.753248
2022-11-14,5.853861
2022-11-15,5.918389
2022-11-16,5.714191
2022-11-17,5.670609
2022-11-18,5.643681
2022-11-19,5.602038
2022-11-20,5.290356
2022-11-21,5.189894
2022-11-22,5.273523
2022-11-23,5.433398
2022-11-24,5.391868
2022-11-25,5.26909
2022-11-26,5.302001
2022-11-27,5.298929
2022-11-28,5.134754
2022-11-29,5.308931
2022-11-30,5.472572
2022-12-01,5.402164
2022-12-02,5.629523
2022-12-03,5.501038
2022-12-04,5.595657
2022-12-05,5.48879
2022-12-06,5.503152
2022-12-07,5.299137
2022-12-08,5.430401
2022-12-09,5.294414
2022-12-10,5.273628
2022-12-11,5.167614
2022-12-12,5.169509
2022-12-13,5.276955
2022-12-14,5.21521
2022-12-15,5.226642
2022-12-16,4.655857
2022-12-17,4.710335
2022-12-18,4.663687
2022-12-19,4.476759
2022-12-20,4.611708
2022-12-21,4.480147
2022-12-22,4.527611
2022-12-23,4.472083
2022-12-24,4.453765
2022-12-25,4.493044
2022-12-26,4.572048
2022-12-27,4.480313
2022-12-28,4.282459
2022-12-29,4.310528
2022-12-30,4.323476
2022-12-31,4.314823
2023-01-01,4.370816
2023-01-02,4.489374
2023-01-03,4.524364
2023-01-04,4.630191
2023-01-05,4.617662
2023-01-06,4.686106
2023-01-07,4.665955
2023-01-08,4.801005
2023-01-09,4.894874
2023-01-10,4.918806
2023-01-11,5.129979
2023-01-12,5.229478
2023-01-13,5.401746
2023-01-14,6.024649
2023-01-15,5.928098
2023-01-16,5.810773
2023-01-17,5.956206
2023-01-18,5.648101
2023-01-19,5.805565
2023-01-20,6.255243
2023-01-21,6.249409
2023-01-22,6.205266
2023-01-23,6.57702
2023-01-24,6.186764
2023-01-25,6.406066
2023-01-26,6.47482
2023-01-27,6.567625
2023-01-28,6.398319
2023-01-29,6.615759
2023-01-30,6.188152
2023-01-31,6.264369
2023-02-01,6.466095
2023-02-02,6.535533
2023-02-03,7.011684
2023-02-04,6.883106
2023-02-05,6.644724
2023-02-06,6.494799
2023-02-07,6.942028
2023-02-08,6.749274
2023-02-09,6.231307
2023-02-10,6.18969
2023-02-11,6.278796
2023-02-12,6.176514
2023-02-13,6.121275
2023-02-14,6.227574
2023-02-15,6.609523
2023-02-16,6.333875
2023-02-17,7.278363
2023-02-18,7.242686
2023-02-19,7.443704
2023-02-20,7.542163
2023-02-21,7.24881
2023-02-22,7.183219
2023-02-23,7.089575
2023-02-24,6.614422
2023-02-25,6.540582
2023-02-26,6.689604
2023-02-27,6.588034
2023-02-28,6.344936
2023-03-01,6.534181
2023-03-02,6.326915
2023-03-03,6.033932
2023-03-04,5.912604
2023-03-05,5.980068
2023-03-06,5.922527
2023-03-07,5.851392
2023-03-08,5.595502
2023-03-09,5.380726
2023-03-10,5.554636
2023-03-11,5.507718
2023-03-12,5.916477
2023-03-13,6.115266
2023-03-14,6.24384
2023-03-15,5.885962
2023-03-16,6.101113
2023-03-17,6.635837
2023-03-18,6.328587
2023-03-19,6.470155
2023-03-20,6.095547
2023-03-21,6.383083
2023-03-22,6.063481
2023-03-23,6.32547
2023-03-24,6.02803
2023-03-25,5.908658
2023-03-26,6.052051
2023-03-27,5.873617
2023-03-28,6.064447
2023-03-29,6.180756
2023-03-30,6.118804
2023-03-31,6.341024
2023-04-01,6.409517
2023-04-02,6.267229
2023-04-03,6.432228
2023-04-04,6.4417
2023-04-05,6.404034
2023-04-06,6.280776
2023-04-07,6.18478
2023-04-08,6.135957
2023-04-09,6.216215
2023-04-10,6.29045
2023-04-11,6.425752
2023-04-12,6.415193
2023-04-13,6.642448
2023-04-14,6.734031
2023-04-15,6.806903
2023-04-16,6.833064
2023-04-17,6.695543
2023-04-18,6.922027
2023-04-19,6.319921
2023-04-20,6.11123
2023-04-21,5.851494
2023-04-22,5.953292
2023-04-23,5.917685
2023-04-24,5.891438
2023-04-25,6.001256
2023-04-26,5.852432
2023-04-27,5.971175
2023-04-28,5.948595
2023-04-29,6.040212
2023-04-30,5.901271
2023-05-01,5.667923
2023-05-02,5.718678
2023-05-03,5.778507
2023-05-04,5.669314
2023-05-05,5.853751
2023-05-06,5.653783
2023-05-07,5.641277
2023-05-08,5.375893
2023-05-09,5.328574
2023-05-10,5.470532
2023-05-11,5.285426
2023-05-12,5.345988
2023-05-13,5.351904
2023-05-14,5.354409
2023-05-15,5.320286
2023-05-16,5.299292
2023-05-17,5.413901
2023-05-18,5.341459
2023-05-19,5.370039
2023-05-20,5.414481
2023-05-21,5.27344
2023-05-22,5.312617
2023-05-23,5.40073
2023-05-24,5.260034
2023-05-25,5.244405
2023-05-26,5.248437
2023-05-27,5.337991
2023-05-28,5.508674
2023-05-29,5.460806
2023-05-30,5.443802
2023-05-31,5.317827
2023-06-01,5.21067
2023-06-02,5.279885
2023-06-03,5.330342
2023-06-04,5.319442
2023-06-05,5.073203
2023-06-06,5.208307
2023-06-07,5.0222
2023-06-08,5.026038
2023-06-09,4.982105
2023-06-10,4.526294
2023-06-11,4.521619
2023-06-12,4.532446
2023-06-13,4.622073
2023-06-14,4.56985
2023-06-15,4.377184
2023-06-16,4.416847
2023-06-17,4.526131
2023-06-18,4.530963
2023-06-19,4.522422
2023-06-20,4.668924
2023-06-21,4.829426
2023-06-22,4.830628
2023-06-23,5.100215
2023-06-24,5.007447
2023-06-25,5.194805
2023-06-26,5.026731
2023-06-27,5.095864
2023-06-28,4.883012
2023-06-29,4.986261
2023-06-30,5.171703
2023-07-01,5.349747
2023-07-02,5.501915
2023-07-03,5.419309
2023-07-04,5.34722
2023-07-05,5.209113
2023-07-06,5.026049
2023-07-07,5.114978
2023-07-08,5.126468
2023-07-09,5.079419
2023-07-10,5.135243
2023-07-11,5.211542
2023-07-12,5.148021
2023-07-13,5.545455
2023-07-14,5.452579
2023-07-15,5.431672
2023-07-16,5.306897
2023-07-17,5.303729
2023-07-18,5.179271
2023-07-19,5.197084
2023-07-20,5.349978
2023-07-21,5.489811
2023-07-22,5.308442
2023-07-23,5.397667
2023-07-24,5.215538
2023-07-25,5.176484
2023-07-26,5.237876
2023-07-27,5.233479
2023-07-28,5.216774
2023-07-29,5.2521
2023-07-30,5.186025
2023-07-31,5.108363
2023-08-01,5.198036
2023-08-02,5.057541
2023-08-03,4.979019
2023-08-04,4.988202
2023-08-05,4.969211
2023-08-06,4.998167
2023-08-07,4.960562
2023-08-08,5.060579
2023-08-09,5.05428
2023-08-10,4.999232
2023-08-11,5.003922
2023-08-12,5.034986
2023-08-13,4.986303
2023-08-14,4.988302
2023-08-15,4.812484
2023-08-16,4.666007
2023-08-17,4.437964
2023-08-18,4.511816
2023-08-19,4.517585
2023-08-20,4.519974
2023-08-21,4.433643
2023-08-22,4.420719
2023-08-23,4.488097
2023-08-24,4.421587
2023-08-25,4.486454
2023-08-26,4.50444
2023-08-27,4.492393
2023-08-28,4.606012
2023-08-29,4.672861
2023-08-30,4.536326
2023-08-31,4.26945
2023-09-01,4.215832
2023-09-02,4.261871
2023-09-03,4.261633
2023-09-04,4.253158
2023-09-05,4.256727
2023-09-06,4.269389
2023-09-07,4.28674
2023-09-08,4.249899
2023-09-09,4.239696
2023-09-10,4.151951
2023-09-11,3.98712
2023-09-12,3.986928
2023-09-13,4.002867
2023-09-14,4.058726
2023-09-15,4.141959
2023-09-16,4.185609
2023-09-17,4.074598
2023-09-18,4.108243
2023-09-19,4.156242
2023-09-20,4.139903
2023-09-21,4.013979
2023-09-22,4.019402
2023-09-23,4.03254
2023-09-24,3.990195
2023-09-25,4.064115
2023-09-26,4.014101
2023-09-27,3.990727
2023-09-28,4.074661
2023-09-29,4.077262
2023-09-30,4.105618
2023-10-01,4.261009
2023-10-02,4.123762
2023-10-03,4.074247
2023-10-04,4.047316
2023-10-05,4.022738
2023-10-06,4.072149
2023-10-07,4.056447
2023-10-08,4.014286
2023-10-09,3.877219
2023-10-10,3.812432
2023-10-11,3.738058
2023-10-12,3.673597
2023-10-13,3.721198
2023-10-14,3.736276
2023-10-15,3.754978
2023-10-16,3.786211
2023-10-17,3.675057
2023-10-18,3.656549
2023-10-19,3.648878
2023-10-20,3.721275
2023-10-21,3.904405
2023-10-22,3.964716
2023-10-23,4.348273
2023-10-24,4.186614
2023-10-25,4.285054
2023-10-26,4.236406
2023-10-27,4.13936
2023-10-28,4.180108
2023-10-29,4.312546
2023-10-30,4.527799
2023-10-31,4.45118
2023-11-01,4.73091
2023-11-02,4.635324
2023-11-03,4.615494
2023-11-04,4.691026
2023-11-05,4.77322
2023-11-06,4.968373
2023-11-07,4.931488
2023-11-08,5.053585
2023-11-09,5.087355
2023-11-10,5.300801
2023-11-11,5.553165
2023-11-12,5.70789
2023-11-13,5.368368
2023-11-14,5.202727
2023-11-15,5.566057
2023-11-16,5.358422
2023-11-17,5.242203
2023-11-18,5.29122
2023-11-19,5.444248
2023-11-20,5.304598
2023-11-21,4.889389
2023-11-22,5.172865
2023-11-23,5.133638
2023-11-24,5.243342
2023-11-25,5.330086
2023-11-26,5.325129
2023-11-27,5.161478
2023-11-28,5.270678
2023-11-29,5.168089
2023-11-30,5.465794
2023-12-01,5.47504
2023-12-02,5.573881
2023-12-03,5.546575
2023-12-04,5.626327
2023-12-05,5.911572
2023-12-06,6.043326
2023-12-07,6.246666
2023-12-08,6.839679
2023-12-09,7.11762
2023-12-10,7.341575
2023-12-11,6.706697
2023-12-12,7.123779
2023-12-13,7.610178
2023-12-14,7.521095
2023-12-15,6.956743
2023-12-16,7.085907
2023-12-17,6.792213
2023-12-18,6.875728
2023-12-19,6.715219
2023-12-20,6.942695
2023-12-21,8.361507
2023-12-22,7.969132
2023-12-23,8.342115
2023-12-24,8.647969
2023-12-25,9.22866
2023-12-26,8.819257
2023-12-27,8.70307
2023-12-28,8.450114
2023-12-29,8.292625
2023-12-30,8.370863
2023-12-31,8.193987
2024-01-01,8.598925
2024-01-02,8.412696
2024-01-03,7.641823
2024-01-04,7.881476
2024-01-05,7.445562
2024-01-06,7.138831
2024-01-07,6.895833
2024-01-08,7.477948
2024-01-09,7.11721
2024-01-10,7.971061
2024-01-11,8.170189
2024-01-12,7.569274
2024-01-13,7.612985
2024-01-14,7.327099
2024-01-15,7.517787
2024-01-16,7.49006
2024-01-17,7.33296
2024-01-18,7.007637
2024-01-19,6.874605
2024-01-20,6.898895
2024-01-21,6.807318
2024-01-22,6.332925
2024-01-23,6.354431
2024-01-24,6.459842
2024-01-25,6.434463
2024-01-26,6.672458
2024-01-27,6.670247
2024-01-28,6.839127
2024-01-29,7.030882
2024-01-30,6.841967
2024-01-31,6.655736
2024-02-01,6.791077
2024-02-02,6.936225
2024-02-03,6.83149
2024-02-04,6.667228
2024-02-05,6.726914
2024-02-06,6.805707
2024-02-07,6.93993
2024-02-08,7.014666
2024-02-09,7.191491
2024-02-10,7.208863
2024-02-11,7.096012
2024-02-12,7.346063
2024-02-13,7.362933
2024-02-14,7.658267
2024-02-15,7.778054
2024-02-16,7.657582
2024-02-17,7.704354
2024-02-18,7.850059
2024-02-19,8.029155
2024-02-20,7.733206
2024-02-21,7.468303
2024-02-22,7.482891
2024-02-23,7.563416
2024-02-24,7.809398
2024-02-25,7.923062
2024-02-26,8.104343
2024-02-27,8.371495
2024-02-28,8.342619
2024-02-29,8.255025
2024-03-01,8.67423
2024-03-02,9.436101
2024-03-03,9.79744
2024-03-04,9.911171
2024-03-05,9.330388
2024-03-06,10.514227
2024-03-07,10.422066
2024-03-08,10.665132
2024-03-09,10.522543
2024-03-10,10.278813
2024-03-11,11.036377
2024-03-12,10.726625
2024-03-13,11.321082
2024-03-14,11.542902
2024-03-15,10.838364
2024-03-16,9.696842
2024-03-17,10.115609
2024-03-18,9.907398
2024-03-19,8.764359
2024-03-20,9.491859
2024-03-21,9.172894
2024-03-22,8.919258
2024-03-23,8.982089
2024-03-24,9.369309
2024-03-25,9.737619
2024-03-26,9.690575
2024-03-27,9.443778
2024-03-28,9.516781
2024-03-29,9.596235
2024-03-30,9.433737
2024-03-31,9.642626
2024-04-01,9.161061
2024-04-02,8.578613
2024-04-03,8.433555
2024-04-04,8.490893
2024-04-05,8.389035
2024-04-06,8.494186
2024-04-07,8.706726
2024-04-08,9.044649
2024-04-09,8.660052
2024-04-10,8.418901
2024-04-11,8.379441
2024-04-12,7.241089
2024-04-13,6.417978
2024-04-14,6.869346
2024-04-15,6.712531
2024-04-16,6.700047
2024-04-17,6.579627
2024-04-18,6.785523
2024-04-19,6.687658
2024-04-20,7.234263
2024-04-21,7.135029
2024-04-22,7.477911
2024-04-23,7.244587
2024-04-24,6.930155
2024-04-25,6.862369
2024-04-26,6.758217
2024-04-27,6.798635
2024-04-28,6.723606
2024-04-29,6.591733
2024-04-30,6.422238
2024-05-01,6.883043
2024-05-02,7.285116
2024-05-03,7.255101
2024-05-04,7.12706
2024-05-05,7.306784
2024-05-06,7.122262
2024-05-07,6.996739
2024-05-08,6.990119
2024-05-09,7.05012
2024-05-10,6.749962
2024-05-11,6.659228
2024-05-12,6.620379
2024-05-13,6.665498
2024-05-14,6.478902
2024-05-15,6.96348
2024-05-16,7.029125
2024-05-17,7.196756
2024-05-18,7.161953
2024-05-19,6.937535
2024-05-20,7.57503
2024-05-21,7.613662
2024-05-22,7.454471
2024-05-23,7.200774
2024-05-24,7.244291
2024-05-25,7.428138
2024-05-26,7.547234
2024-05-27,7.628291
2024-05-28,7.367073
2024-05-29,7.172422
2024-05-30,6.99786
2024-05-31,6.987147
2024-06-01,7.058612
2024-06-02,6.98904
2024-06-03,7.010249
2024-06-04,7.187405
2024-06-05,7.248728
2024-06-06,7.142014
2024-06-07,6.657767
2024-06-08,6.388424
2024-06-09,6.522763
2024-06-10,6.507447
2024-06-11,6.379897
2024-06-12,6.741717
2024-06-13,6.360072
2024-06-14,6.162761
2024-06-15,6.221013
2024-06-16,6.388068
2024-06-17,6.073915
2024-06-18,5.775651
2024-06-19,5.794212
2024-06-20,5.640769
2024-06-21,5.611062
2024-06-22,5.74787
2024-06-23,5.644892
2024-06-24,5.724685
2024-06-25,5.842495
2024-06-26,5.793277
2024-06-27,6.281444
2024-06-28,6.174601
2024-06-29,6.07234
2024-06-30,6.208573
2024-07-01,6.330221
2024-07-02,6.514821
2024-07-03,6.069333
2024-07-04,5.559064
2024-07-05,5.665741
2024-07-06,6.241476
2024-07-07,5.906263
2024-07-08,5.944755
2024-07-09,6.11408
2024-07-10,6.098881
2024-07-11,5.904893
2024-07-12,6.099208
2024-07-13,6.244008
2024-07-14,6.328078
2024-07-15,6.498557
2024-07-16,6.344223
2024-07-17,6.259861
2024-07-18,6.093573
2024-07-19,6.346135
2024-07-20,6.33713
2024-07-21,6.419742
2024-07-22,6.107129
2024-07-23,5.91887
2024-07-24,5.748385
2024-07-25,5.753999
2024-07-26,5.870022
2024-07-27,5.831084
2024-07-28,5.721426
2024-07-29,5.654067
2024-07-30,5.522172
2024-07-31,5.38533
2024-08-01,5.342949
2024-08-02,5.1222
2024-08-03,5.043666
2024-08-04,4.683842
2024-08-05,4.208275
2024-08-06,4.506932
2024-08-07,4.570663
2024-08-08,4.880883
2024-08-09,4.787671
2024-08-10,4.756072
2024-08-11,4.496322
2024-08-12,4.587266
2024-08-13,4.549483
2024-08-14,4.386328
2024-08-15,4.282611
2024-08-16,4.295183
2024-08-17,4.364744
2024-08-18,4.391077
2024-08-19,4.483818
2024-08-20,4.533686
2024-08-21,4.669815
2024-08-22,4.693691
2024-08-23,4.898672
2024-08-24,4.986936
2024-08-25,4.824508
2024-08-26,4.562509
2024-08-27,4.380867
2024-08-28,4.258795
2024-08-29,4.250733
2024-08-30,4.278486
2024-08-31,4.258484
2024-09-01,4.073628
2024-09-02,4.208609
2024-09-03,4.06291
2024-09-04,4.109952
2024-09-05,4.016058
2024-09-06,3.959471
2024-09-07,4.076633
2024-09-08,4.164106
2024-09-09,4.285942
2024-09-10,4.256246
2024-09-11,4.191652
2024-09-12,4.292721
2024-09-13,4.425521
2024-09-14,4.43915
2024-09-15,4.401869
2024-09-16,4.198472
2024-09-17,4.156425
2024-09-18,4.169035
2024-09-19,4.255255
2024-09-20,4.337358
2024-09-21,4.466026
2024-09-22,4.314035
2024-09-23,4.45547
2024-09-24,4.640799
2024-09-25,4.635497
2024-09-26,4.816284
2024-09-27,4.892055
2024-09-28,4.805896
2024-09-29,4.768428
2024-09-30,4.437086
2024-10-01,4.159007
2024-10-02,4.103808
2024-10-03,4.127107
2024-10-04,4.193617
2024-10-05,4.137217
2024-10-06,4.188561
2024-10-07,4.13506
2024-10-08,4.097924
2024-10-09,4.023732
2024-10-10,4.066134
2024-10-11,4.167765
2024-10-12,4.207736
2024-10-13,4.157304
2024-10-14,4.37305
2024-10-15,4.403149
2024-10-16,4.316715
2024-10-17,4.188974
2024-10-18,4.306359
2024-10-19,4.433904
2024-10-20,4.571723
2024-10-21,4.377029
2024-10-22,4.321436
2024-10-23,4.194596
2024-10-24,4.20468
2024-10-25,3.987554
2024-10-26,4.02981
2024-10-27,4.124961
2024-10-28,4.130047
2024-10-29,4.189741
2024-10-30,4.191606
2024-10-31,3.956449
2024-11-01,3.906809
2024-11-02,3.901506
2024-11-03,3.788589
2024-11-04,3.747167
2024-11-05,3.857814
2024-11-06,4.117689
2024-11-07,4.163137
2024-11-08,4.331413
2024-11-09,4.632639
2024-11-10,5.252133
2024-11-11,5.710699
2024-11-12,5.334293
2024-11-13,5.076558
2024-11-14,4.768951
2024-11-15,5.140809
2024-11-16,5.760856
2024-11-17,5.416034
2024-11-18,6.006414
2024-11-19,5.805377
2024-11-20,5.716892
2024-11-21,5.937807
2024-11-22,6.662623
2024-11-23,8.508301
2024-11-24,8.813535
2024-11-25,8.244422
2024-11-26,8.078128
2024-11-27,8.464703
2024-11-28,8.621153
2024-11-29,9.03875
2024-11-30,8.967268
2024-12-01,9.307755
2024-12-02,9.986505
2024-12-03,9.829698
2024-12-04,10.528637
2024-12-05,10.524625
2024-12-06,10.705371
2024-12-07,10.629206
2024-12-08,10.412902
2024-12-09,8.513444
2024-12-10,8.396628
2024-12-11,9.006821
2024-12-12,9.064153
2024-12-13,9.090393
2024-12-14,8.551412
2024-12-15,9.02933
2024-12-16,8.75137
2024-12-17,8.476945
2024-12-18,7.689222
2024-12-19,6.965324
2024-12-20,7.293115
2024-12-21,6.970914
2024-12-22,6.830101
2024-12-23,7.367684
2024-12-24,7.555827
2024-12-25,7.49284
2024-12-26,6.928015
2024-12-27,6.897603
2024-12-28,7.104069
2024-12-29,6.862187
2024-12-30,6.696668
2024-12-31,6.634932
2025-01-01,7.028347
2025-01-02,7.16896
2025-01-03,7.747455
2025-01-04,7.684382
2025-01-05,7.679115
2025-01-06,7.766676
2025-01-07,7.01523
2025-01-08,6.761236
2025-01-09,6.557372
2025-01-10,6.736067
2025-01-11,6.736469
2025-01-12,6.628734
2025-01-13,6.396489
2025-01-14,6.664539
2025-01-15,7.164988
2025-01-16,7.150223
2025-01-17,7.512493
2025-01-18,7.043352
2025-01-19,6.232108
2025-01-20,6.374918
2025-01-21,6.627902
2025-01-22,6.440517
2025-01-23,6.35404
2025-01-24,6.315303
2025-01-25,6.322443
2025-01-26,6.184238
2025-01-27,5.943115
2025-01-28,5.655595
2025-01-29,5.76353
2025-01-30,6.126862
2025-01-31,6.318369
2025-02-01,5.921682
2025-02-02,5.148262
2025-02-03,5.18587
2025-02-04,4.750216
2025-02-05,4.692638
2025-02-06,4.492767
2025-02-07,4.590203
2025-02-08,4.745229
2025-02-09,4.772259
2025-02-10,4.841084
2025-02-11,4.808444
2025-02-12,5.228727
2025-02-13,5.132234
2025-02-14,5.187249
2025-02-15,5.023991
2025-02-16,4.880806
2025-02-17,4.888373
2025-02-18,4.758246
2025-02-19,4.882347
2025-02-20,5.047636
2025-02-21,5.05633
2025-02-22,5.044674
2025-02-23,4.95923
2025-02-24,4.413651
2025-02-25,4.633917
2025-02-26,4.740311
2025-02-27,4.926066
2025-02-28,4.71297
2025-03-01,4.6625
2025-03-02,5.196682
2025-03-03,4.473835
2025-03-04,4.328348
2025-03-05,4.52981
2025-03-06,4.4342
2025-03-07,4.403337
2025-03-08,4.289371
2025-03-09,4.016473
2025-03-10,3.880054
2025-03-11,4.037774
2025-03-12,3.973095
2025-03-13,3.980884
2025-03-14,4.18088
2025-03-15,4.352015
2025-03-16,4.30527
2025-03-17,4.375901
2025-03-18,4.454756
2025-03-19,4.542153
2025-03-20,4.396971
2025-03-21,4.493345
2025-03-22,4.44477
2025-03-23,4.49594
2025-03-24,4.616263
2025-03-25,4.639868
2025-03-26,4.693815
2025-03-27,4.628855
2025-03-28,4.279853
2025-03-29,4.052915
2025-03-30,4.039505
2025-03-31,4.022635
2025-04-01,4.175402
2025-04-02,3.969456
2025-04-03,4.051624
2025-04-04,4.032868
2025-04-05,3.956534
2025-04-06,3.677019
2025-04-07,3.591476
2025-04-08,3.371997
2025-04-09,3.639357
2025-04-10,3.462185
2025-04-11,3.55925
2025-04-12,3.71277
2025-04-13,3.665758
2025-04-14,3.671615
2025-04-15,3.523083
2025-04-16,3.557335
2025-04-17,3.63049
2025-04-18,3.678565
2025-04-19,3.879328
2025-04-20,3.879069
2025-04-21,3.785083
2025-04-22,4.017458
2025-04-23,4.093156
2025-04-24,4.26455
2025-04-25,4.255543
2025-04-26,4.267285
2025-04-27,4.09562
2025-04-28,4.238256
2025-04-29,4.146282
2025-04-30,4.068165
2025-05-01,4.176703
2025-05-02,4.163291
2025-05-03,4.033396
2025-05-04,3.920791
2025-05-05,3.918757
2025-05-06,3.967502
2025-05-07,3.96707
2025-05-08,4.441946
2025-05-09,4.792687
2025-05-10,5.31171
2025-05-11,5.092446
2025-05-12,5.072291
2025-05-13,5.20126
2025-05-14,4.985312
2025-05-15,4.768425
2025-05-16,4.754538
2025-05-17,4.610407
2025-05-18,4.804838
2025-05-19,4.596533
2025-05-20,4.675635
2025-05-21,4.744808
2025-05-22,4.94642
2025-05-23,4.554623
2025-05-24,4.547797
2025-05-25,4.525113
2025-05-26,4.468652
2025-05-27,4.537437
2025-05-28,4.574983
2025-05-29,4.341346
2025-05-30,4.048574
2025-05-31,4.081822
2025-06-01,4.064272
2025-06-02,4.145422
2025-06-03,4.141016
2025-06-04,4.01761
2025-06-05,3.82619
2025-06-06,3.890648
2025-06-07,4.028442
2025-06-08,4.024811
2025-06-09,4.157788
2025-06-10,4.28664
2025-06-11,4.192241
2025-06-12,3.928301
2025-06-13,3.841652
2025-06-14,3.785245
2025-06-15,3.821891
2025-06-16,3.85131
2025-06-17,3.724775
2025-06-18,3.622428
2025-06-19,3.54791
2025-06-20,3.437687
2025-06-21,3.319669
2025-06-22,3.152373
2025-06-23,3.419878
2025-06-24,3.437392
2025-06-25,3.356422
2025-06-26,3.297252
2025-06-27,3.360437
2025-06-28,3.404214
2025-06-29,3.547438
2025-06-30,3.399553
2025-07-01,3.28379
2025-07-02,3.54211
2025-07-03,3.53974
2025-07-04,3.357709
2025-07-05,3.355696
2025-07-06,3.395777
2025-07-07,3.369814
2025-07-08,3.448605
2025-07-09,3.618808
2025-07-10,3.883415
2025-07-11,3.917196
2025-07-12,3.888943
2025-07-13,3.987302
2025-07-14,3.950789
2025-07-15,4.078707
2025-07-16,4.157768
2025-07-17,4.266907
2025-07-18,4.229214
2025-07-19,4.415105
2025-07-20,4.491287
2025-07-21,4.503505
2025-07-22,4.547215
2025-07-23,4.115472
2025-07-24,4.000131
2025-07-25,4.088868
2025-07-26,4.124812
2025-07-27,4.239684
2025-07-28,3.948425
2025-07-29,3.90293
2025-07-30,3.806715
2025-07-31,3.688586
2025-08-01,3.552491
2025-08-02,3.506547
2025-08-03,3.603953
2025-08-04,3.719923
2025-08-05,3.61873
2025-08-06,3.673978
2025-08-07,3.863389
2025-08-08,3.978263
2025-08-09,4.139029
2025-08-10,4.063409
2025-08-11,3.86374
2025-08-12,4.148654
2025-08-13,4.281788
2025-08-14,3.988957
2025-08-15,3.891083
2025-08-16,3.967054
2025-08-17,4.056698
2025-08-18,3.914813
2025-08-19,3.715419
2025-08-20,3.88034
2025-08-21,3.793627
2025-08-22,4.175913
2025-08-23,4.226393
2025-08-24,4.109204
2025-08-25,3.735977
2025-08-26,3.888248
2025-08-27,3.834171
2025-08-28,3.980491
2025-08-29,3.776911
2025-08-30,3.810158
2025-08-31,3.742023
2025-09-01,3.689127
2025-09-02,3.817001
2025-09-03,3.86439
2025-09-04,3.766683
2025-09-05,3.82886
2025-09-06,3.825147
2025-09-07,3.994867
2025-09-08,4.045087
2025-09-09,4.139012
2025-09-10,4.213652
2025-09-11,4.241763
2025-09-12,4.320272
2025-09-13,4.500833
2025-09-14,4.322048
2025-09-15,4.152834
2025-09-16,4.255426
2025-09-17,4.400456
2025-09-18,4.537494
2025-09-19,4.35848
2025-09-20,4.358071
2025-09-21,4.271019
2025-09-22,4.036866
2025-09-23,3.97311
2025-09-24,3.994745
2025-09-25,3.800548
2025-09-26,3.927708
2025-09-27,3.892598
2025-09-28,3.996965
2025-09-29,3.983713
2025-09-30,3.907708
2025-10-01,4.121088
2025-10-02,4.308879
2025-10-03,4.320178
2025-10-04,4.201499
2025-10-05,4.135801
2025-10-06,4.387514
2025-10-07,4.146092
2025-10-08,4.197646
2025-10-09,4.075096
2025-10-10,2.962416
2025-10-11,3.000315
2025-10-12,3.24699
2025-10-13,3.377107
2025-10-14,3.25074
2025-10-15,3.138686
2025-10-16,3.015078
2025-10-17,2.891856
2025-10-18,2.932491
2025-10-19,3.007835
2025-10-20,3.087536
2025-10-21,3.006513
2025-10-22,2.921977
2025-10-23,3.003082
2025-10-24,3.078372
2025-10-25,3.092259
2025-10-26,3.196015
2025-10-27,3.140187
2025-10-28,3.053065
2025-10-29,3.079661
2025-10-30,2.873091
2025-10-31,2.882334
2025-11-01,2.96677
2025-11-02,2.987847
2025-11-03,2.583307
2025-11-04,2.51361
2025-11-05,2.672054
2025-11-06,2.663944
2025-11-07,3.24202
2025-11-08,3.249525
2025-11-09,3.232867
2025-11-10,3.260984
2025-11-11,3.052353
2025-11-12,2.923365
2025-11-13,2.86138
2025-11-14,2.809766
2025-11-15,2.831318
2025-11-16,2.787378
2025-11-17,2.661925
2025-11-18,2.753823
2025-11-19,2.688068
2025-11-20,2.539591
2025-11-21,2.34539
2025-11-22,2.309507
2025-11-23,2.255722
2025-11-24,2.339354
2025-11-25,2.294471
2025-11-26,2.344442
2025-11-27,2.337851
2025-11-28,2.284993
2025-11-29,2.260321
2025-11-30,2.218578
2025-12-01,2.042915
2025-12-02,2.247906
2025-12-03,2.366936
2025-12-04,2.274136
2025-12-05,2.127278
2025-12-06,2.129086
2025-12-07,2.091531
2025-12-08,2.131414
2025-12-09,2.291781
2025-12-10,2.19413
2025-12-11,2.067172
2025-12-12,2.013027
2025-12-13,2.039669
2025-12-14,1.954909
2025-12-15,1.901863
2025-12-16,1.898476
2025-12-17,1.811723
2025-12-18,1.758516
2025-12-19,1.848918
2025-12-20,1.832777
2025-12-21,1.799974
2025-12-22,1.782675
2025-12-23,1.763556
2025-12-24,1.736646
2025-12-25,1.6824
2025-12-26,1.722188
2025-12-27,1.913854
2025-12-28,1.848762
2025-12-29,1.822235
2025-12-30,1.810838
2025-12-31,1.789199
2026-01-01,1.996028
2026-01-02,2.161198
2026-01-03,2.125039
2026-01-04,2.13985
2026-01-05,2.208401
2026-01-06,2.23412
2026-01-07,2.14312
2026-01-08,2.109905
2026-01-09,2.080213
2026-01-10,2.090097
2026-01-11,2.066166
2026-01-12,2.05233
2026-01-13,2.281716
2026-01-14,2.226057
2026-01-15,2.117048
2026-01-16,2.119089
2026-01-17,2.177091
2026-01-18,2.06777
2026-01-19,2.028562
2026-01-20,1.896892
2026-01-21,1.949451
2026-01-22,1.924348
2026-01-23,1.924222
2026-01-24,1.926673
2026-01-25,1.821654
2026-01-26,1.874388
2026-01-27,1.874989
2026-01-28,1.867865
2026-01-29,1.73265
2026-01-30,1.686591
2026-01-31,1.544033
2026-02-01,1.496879
2026-02-02,1.542801
2026-02-03,1.49296
2026-02-04,1.460707
2026-02-05,1.244076
2026-02-06,1.366792
2026-02-07,1.372253
2026-02-08,1.337104
2026-02-09,1.318604
2026-02-10,1.282279
2026-02-11,1.254615
2026-02-12,1.281533
2026-02-13,1.329377
2026-02-14,1.421081
2026-02-15,1.356787
2026-02-16,1.37555
2026-02-17,1.346494
2026-02-18,1.310888
2026-02-19,1.286086
2026-02-20,1.341352
2026-02-21,1.358887
2026-02-22,1.312303
2026-02-23,1.264207
2026-02-24,1.239688
2026-02-25,1.65649
2026-02-26,1.605569
2026-02-27,1.599493
2026-02-28,1.670639
2026-03-01,1.537121
2026-03-02,1.509255
2026-03-03,1.530213
2026-03-04,1.54219
2026-03-05,1.530268
2026-03-06,1.487706
2026-03-07,1.446415
2026-03-08,1.451653
2026-03-09,1.492274
2026-03-10,1.486178
2026-03-11,1.521918
2026-03-12,1.51659
2026-03-13,1.464547
2026-03-14,1.414059
2026-03-15,1.439507
2026-03-16,1.641374
2026-03-17,1.621041
2026-03-18,1.575649
2026-03-19,1.524504
2026-03-20,1.499886
2026-03-21,1.464167
2026-03-22,1.411508
2026-03-23,1.419803
2026-03-24,1.400362
2026-03-25,1.361277
2026-03-26,1.322859
2026-03-27,1.290625
2026-03-28,1.257209
2026-03-29,1.25801
2026-03-30,1.242303
2026-03-31,1.25162
2026-04-01,1.25502
2026-04-02,1.236357
2026-04-03,1.237379
2026-04-04,1.25174
2026-04-05,1.243014
2026-04-06,1.242512
2026-04-07,1.317573
2026-04-08,1.268966
2026-04-09,1.299742
2026-04-10,1.305347
2026-04-11,1.28747
2026-04-12,1.223253
2026-04-13,1.230543
2026-04-14,1.165226
2026-04-15,1.180588
2026-04-16,1.330998
2026-04-17,1.336267
2026-04-18,1.273912
2026-04-19,1.240328
2026-04-20,1.2807
2026-04-21,1.279801
2026-04-22,1.271295
2026-04-23,1.241378
2026-04-24,1.253992
2026-04-25,1.246564
2026-04-26,1.262298
2026-04-27,1.234196
2026-04-28,1.229135
2026-04-29,1.211277
2026-04-30,1.203423
2026-05-01,1.202725
2026-05-02,1.226863
2026-05-03,1.210111
2026-05-04,1.228135
2026-05-05,1.27931
2026-05-06,1.318335
2026-05-07,1.308385
2026-05-08,1.371437
2026-05-09,1.346077
2026-05-10,1.382378
2026-05-11,1.3629
2026-05-12,1.33465
2026-05-13,1.327873
2026-05-14,1.362991
2026-05-15,1.31739
2026-05-16,1.268148
2026-05-17,1.248543
2026-05-18,1.249747
2026-05-19,1.224282
2026-05-20,1.247423
2026-05-21,1.287756
2026-05-22,1.25734
2026-05-23,1.291695
2026-05-24,1.24464
2026-05-25,1.261219
2026-05-26,1.248418
2026-05-27,1.228858
2026-05-28,1.212752
2026-05-29,1.192103
2026-05-30,1.187094
2026-05-31,1.186327
2026-06-01,1.15552
2026-06-02,1.076834
2026-06-03,1.103539
2026-06-04,1.036009
2026-06-05,0.943703
2026-06-06,0.942808
2026-06-07,0.97062
2026-06-08,0.973468
2026-06-09,0.957792
2026-06-10,0.915945
2026-06-11,0.950443
2026-06-12,0.956363
2026-06-13,0.979933
2026-06-14,0.994522
2026-06-15,1.010305
2026-06-16,1.011779
2026-06-17,1.002178
2026-06-18,0.972536
2026-06-19,0.954
2026-06-20,0.972
2026-06-21,0.947
2026-06-22,0.933
2026-06-23,0.908
2026-06-24,0.883
2026-06-25,0.842
2026-06-26,0.851
2026-06-27,0.813
2026-06-28,0.805
2026-06-29,0.825
2026-06-30,0.818
2026-07-01,0.838
2026-07-02,0.838
2026-07-03,0.883
2026-07-04,0.886
2026-07-05,0.888
2026-07-06,0.889
2026-07-07,0.853
2026-07-08,0.825
2026-07-09,0.827
2026-07-10,0.876396
2026-07-11,0.864
2026-07-12,0.844
2026-07-13,0.833
2026-07-14,0.849
2026-07-15,0.848
2026-07-16,0.864
2026-07-17,0.85
2026-07-18,0.836
2026-07-19,0.819
2026-07-20,0.823
2026-07-21,0.847
2026-07-22,0.838
2026-07-23,0.817
2026-07-24,0.804
2026-07-25,0.816
2026-07-26,0.826
2026-07-27,0.783
2026-07-28,0.763
2026-07-29,0.763
2026-07-30,0.772
2026-07-31,0.761
2026-08-01,0.78
2026-08-02,0.796
2026-08-03,0.8216
2026-08-04,0.8656
2026-08-05,0.8398
2026-08-06,0.820353
2026-08-07,0.8228
2026-08-08,0.8174
2026-08-09,0.8085
2026-08-10,0.8054
2026-08-11,0.7884
2026-08-12,0.77
2026-08-13,0.7734
2026-08-14,0.7542
2026-08-15,0.7666
2026-08-16,0.7554
2026-08-17,0.7595
